mtllib Starboard Bifurcation Buoy v1 v1.mtl
o empty_2
usemtl material9
v 4.375 84.5 1.684663087640249e-15
v 4.247870445251465 84.5 -1.0470060110092163
v 3.8738701343536377 84.5 -2.0331637859344482
v 3.2747344970703125 84.5 -2.9011616706848145
v 2.485283374786377 84.5 -3.6005544662475586
v 1.551396369934082 84.5 -4.090695858001709
v 0.527347981929779 84.5 -4.343101501464844
v -0.527347981929779 84.5 -4.343101501464844
v -1.551396369934082 84.5 -4.090695858001709
v -2.485283374786377 84.5 -3.6005544662475586
v -3.2747344970703125 84.5 -2.9011616706848145
v -3.8738701343536377 84.5 -2.0331637859344482
v -4.247870445251465 84.5 -1.0470060110092163
v -4.375 84.5 -1.0508461844292195e-14
v -4.247870445251465 84.5 1.0470060110092163
v -3.8738701343536377 84.5 2.0331637859344482
v -3.2747344970703125 84.5 2.9011616706848145
v -2.485283374786377 84.5 3.6005544662475586
v -1.551396369934082 84.5 4.090695858001709
v -0.527347981929779 84.5 4.343101501464844
v 0.527347981929779 84.5 4.343101501464844
v 1.551396369934082 84.5 4.090695858001709
v 2.485283374786377 84.5 3.6005544662475586
v 3.2747344970703125 84.5 2.9011616706848145
v 3.8738701343536377 84.5 2.0331637859344482
v 4.247870445251465 84.5 1.0470060110092163
v 4.375 84.5 1.684663087640249e-15
v 4.375 84 1.684663087640249e-15
v 4.375 84 1.684663087640249e-15
v 4.247870445251465 84 1.0470060110092163
v 3.8738701343536377 84 2.0331637859344482
v 3.2747344970703125 84 2.9011616706848145
v 2.485283374786377 84 3.6005544662475586
v 1.551396369934082 84 4.090695858001709
v 0.527347981929779 84 4.343101501464844
v -0.527347981929779 84 4.343101501464844
v -1.551396369934082 84 4.090695858001709
v -2.485283374786377 84 3.6005544662475586
v -3.2747344970703125 84 2.9011616706848145
v -3.8738701343536377 84 2.0331637859344482
v -4.247870445251465 84 1.0470060110092163
v -4.375 84 1.494935394279282e-14
v -4.247870445251465 84 -1.0470060110092163
v -3.8738701343536377 84 -2.0331637859344482
v -3.2747344970703125 84 -2.9011616706848145
v -2.485283374786377 84 -3.6005544662475586
v -1.551396369934082 84 -4.090695858001709
v -0.527347981929779 84 -4.343101501464844
v 0.527347981929779 84 -4.343101501464844
v 1.551396369934082 84 -4.090695858001709
v 2.485283374786377 84 -3.6005544662475586
v 3.2747344970703125 84 -2.9011616706848145
v 3.8738701343536377 84 -2.0331637859344482
v 4.247870445251465 84 -1.0470060110092163
v 4.375 84.5 1.684663087640249e-15
v 4.247870445251465 84.5 -1.0470060110092163
v 3.8738701343536377 84.5 -2.0331637859344482
v 3.2747344970703125 84.5 -2.9011616706848145
v 2.485283374786377 84.5 -3.6005544662475586
v 1.551396369934082 84.5 -4.090695858001709
v 0.527347981929779 84.5 -4.343101501464844
v -0.527347981929779 84.5 -4.343101501464844
v -1.551396369934082 84.5 -4.090695858001709
v -2.485283374786377 84.5 -3.6005544662475586
v -3.2747344970703125 84.5 -2.9011616706848145
v -3.8738701343536377 84.5 -2.0331637859344482
v -4.247870445251465 84.5 -1.0470060110092163
v -4.375 84.5 -1.0508461844292195e-14
v -4.247870445251465 84.5 1.0470060110092163
v -3.8738701343536377 84.5 2.0331637859344482
v -3.2747344970703125 84.5 2.9011616706848145
v -2.485283374786377 84.5 3.6005544662475586
v -1.551396369934082 84.5 4.090695858001709
v -0.527347981929779 84.5 4.343101501464844
v 0.527347981929779 84.5 4.343101501464844
v 1.551396369934082 84.5 4.090695858001709
v 2.485283374786377 84.5 3.6005544662475586
v 3.2747344970703125 84.5 2.9011616706848145
v 3.8738701343536377 84.5 2.0331637859344482
v 4.247870445251465 84.5 1.0470060110092163
v 4.125 84.5 1.7152791993978742e-15
v 4.0051350593566895 84.5 -0.9871771335601807
v 3.652506113052368 84.5 -1.9169831275939941
v 3.087606906890869 84.5 -2.7353808879852295
v 2.3432669639587402 84.5 -3.394808530807495
v 1.462745189666748 84.5 -3.8569419384002686
v 0.49721381068229675 84.5 -4.094923973083496
v -0.49721381068229675 84.5 -4.094923973083496
v -1.462745189666748 84.5 -3.8569419384002686
v -2.3432669639587402 84.5 -3.394808530807495
v -3.087606906890869 84.5 -2.7353808879852295
v -3.652506113052368 84.5 -1.9169831275939941
v -4.0051350593566895 84.5 -0.9871771335601807
v -4.125 84.5 -9.781095170727141e-15
v -4.0051350593566895 84.5 0.9871771335601807
v -3.652506113052368 84.5 1.9169831275939941
v -3.087606906890869 84.5 2.7353808879852295
v -2.3432669639587402 84.5 3.394808530807495
v -1.462745189666748 84.5 3.8569419384002686
v -0.49721381068229675 84.5 4.094923973083496
v 0.49721381068229675 84.5 4.094923973083496
v 1.462745189666748 84.5 3.8569419384002686
v 2.3432669639587402 84.5 3.394808530807495
v 3.087606906890869 84.5 2.7353808879852295
v 3.652506113052368 84.5 1.9169831275939941
v 4.0051350593566895 84.5 0.9871771335601807
v -21.5 20 -2.6329906933534415e-15
v -21.382221221923828 20 -2.247361898422241
v -21.030174255371094 20 -4.470101356506348
v -20.447715759277344 20 -6.643865585327148
v -19.64122772216797 20 -8.744837760925293
v -18.61954689025879 20 -10.75
v -17.39386558532715 20 -12.637382507324219
v -15.97761344909668 20 -14.386307716369629
v -14.386307716369629 20 -15.97761344909668
v -12.637382507324219 20 -17.39386558532715
v -10.75 20 -18.61954689025879
v -8.744837760925293 20 -19.64122772216797
v -6.643865585327148 20 -20.447715759277344
v -4.470101356506348 20 -21.030174255371094
v -2.247361898422241 20 -21.382221221923828
v -2.6329906933534415e-15 20 -21.5
v -2.6602416490907436e-15 19.97492790222168 -21.72252082824707
v -2.686126128925888e-15 19.900968551635742 -21.933883666992188
v -2.7093460548672068e-15 19.781831741333008 -22.123489379882812
v -2.7287373918869363e-15 19.623489379882812 -22.281831741333008
v -2.7433275344033916e-15 19.433883666992188 -22.400968551635742
v -2.752384857708382e-15 19.22252082824707 -22.47492790222168
v -2.7554553521421787e-15 19 -22.5
v -2.3518903255462646 19 -22.37674331665039
v -4.678012847900391 19 -22.00832176208496
v -6.952882289886475 19 -21.398771286010742
v -9.15157413482666 19 -20.554773330688477
v -11.25 19 -19.485570907592773
v -13.225168228149414 19 -18.202882766723633
v -15.055438995361328 19 -16.72075843811035
v -16.72075843811035 19 -15.055438995361328
v -18.202882766723633 19 -13.225168228149414
v -19.485570907592773 19 -11.25
v -20.554773330688477 19 -9.15157413482666
v -21.398771286010742 19 -6.952882289886475
v -22.00832176208496 19 -4.678012847900391
v -22.37674331665039 19 -2.3518903255462646
v -22.5 19 2.7554553521421787e-15
v -22.371082305908203 19 2.4051401615142822
v -21.985803604125977 19 4.782719135284424
v -21.348583221435547 19 7.105490684509277
v -20.466720581054688 19 9.346837997436523
v -19.35032081604004 19 11.481075286865234
v -18.012178421020508 19 13.483747482299805
v -16.467626571655273 19 15.331903457641602
v -14.734366416931152 19 17.004365921020508
v -12.832259178161621 19 18.48196792602539
v -10.783102035522461 19 19.747777938842773
v -8.610377311706543 19 20.787288665771484
v -6.338982582092285 19 21.588592529296875
v -3.9949469566345215 19 22.142501831054688
v -1.6051316261291504 19 22.442672729492188
v 0.8030775189399719 19 22.48566436767578
v 3.2020838260650635 19 22.27098274230957
v 5.564396381378174 19 21.801090240478516
v 7.86294412612915 19 21.081369400024414
v 10.07138729095459 19 20.12006950378418
v 12.16441822052002 19 18.928203582763672
v 14.11805248260498 19 17.519433975219727
v 15.909902572631836 19 15.909902572631836
v 17.519433975219727 19 14.11805248260498
v 18.928203582763672 19 12.16441822052002
v 20.12006950378418 19 10.07138729095459
v 21.081369400024414 19 7.86294412612915
v 21.801090240478516 19 5.564396381378174
v 22.27098274230957 19 3.2020838260650635
v 22.48566436767578 19 0.8030775189399719
v 22.442672729492188 19 -1.6051316261291504
v 22.142501831054688 19 -3.9949469566345215
v 21.588592529296875 19 -6.338982582092285
v 20.787288665771484 19 -8.610377311706543
v 19.747777938842773 19 -10.783102035522461
v 18.48196792602539 19 -12.832259178161621
v 17.004365921020508 19 -14.734366416931152
v 15.331903457641602 19 -16.467626571655273
v 13.483747482299805 19 -18.012178421020508
v 11.481075286865234 19 -19.35032081604004
v 9.346837997436523 19 -20.466720581054688
v 7.105490684509277 19 -21.348583221435547
v 4.782719135284424 19 -21.985803604125977
v 2.4051401615142822 19 -22.371082305908203
v -2.7554553521421787e-15 19 -22.5
v -2.6329906933534415e-15 20 -21.5
v -2.6602416490907436e-15 19.97492790222168 -21.72252082824707
v -2.686126128925888e-15 19.900968551635742 -21.933883666992188
v -2.7093460548672068e-15 19.781831741333008 -22.123489379882812
v -2.7287373918869363e-15 19.623489379882812 -22.281831741333008
v -2.7433275344033916e-15 19.433883666992188 -22.400968551635742
v -2.752384857708382e-15 19.22252082824707 -22.47492790222168
v 2.3514809608459473 20 -21.371021270751953
v 4.67474889755249 20 -20.985631942749023
v 6.941928863525391 20 -20.34845542907715
v 9.125819206237793 20 -19.46713638305664
v 11.200217247009277 20 -18.352251052856445
v 13.14023494720459 20 -17.017173767089844
v 14.922595024108887 20 -15.477924346923828
v 16.52591323852539 20 -13.752969741821289
v 17.930953979492188 20 -11.863006591796875
v 19.1208553314209 20 -9.830710411071777
v 20.08134651184082 20 -7.680464267730713
v 20.800899505615234 20 -5.43806791305542
v 21.27088165283203 20 -3.130425214767456
v 21.48565673828125 20 -0.7852234840393066
v 21.442644119262695 20 1.5693992376327515
v 21.142362594604492 20 3.9051923751831055
v 20.58841323852539 20 6.1941304206848145
v 19.787443161010742 20 8.408751487731934
v 18.749061584472656 20 10.522483825683594
v 17.485729217529297 20 12.509966850280762
v 16.012601852416992 20 14.347354888916016
v 14.347354888916016 20 16.012601852416992
v 12.509966850280762 20 17.485729217529297
v 10.522483825683594 20 18.749061584472656
v 8.408751487731934 20 19.787443161010742
v 6.1941304206848145 20 20.58841323852539
v 3.9051923751831055 20 21.142362594604492
v 1.5693992376327515 20 21.442644119262695
v -0.7852234840393066 20 21.48565673828125
v -3.130425214767456 20 21.27088165283203
v -5.43806791305542 20 20.800899505615234
v -7.680464267730713 20 20.08134651184082
v -9.830710411071777 20 19.1208553314209
v -11.863006591796875 20 17.930953979492188
v -13.752969741821289 20 16.52591323852539
v -15.477924346923828 20 14.922595024108887
v -17.017173767089844 20 13.14023494720459
v -18.352251052856445 20 11.200217247009277
v -19.46713638305664 20 9.125819206237793
v -20.34845542907715 20 6.941928863525391
v -20.985631942749023 20 4.67474889755249
v -21.371021270751953 20 2.3514809608459473
v 20.2891845703125 19.97492790222168 -7.759955406188965
v 21.016185760498047 19.97492790222168 -5.494350910186768
v 21.220674514770508 19.900968551635742 -5.547811508178711
v 20.486600875854492 19.900968551635742 -7.835460662841797
v 19.9221248626709 19.433883666992188 -10.242671012878418
v 19.816171646118164 19.623489379882812 -10.188196182250977
v 19.675352096557617 19.781831741333008 -10.115796089172363
v 19.50672721862793 19.900968551635742 -10.02910041809082
v 19.318754196166992 19.97492790222168 -9.932456016540527
v 18.68235969543457 19.433883666992188 -12.360132217407227
v 18.582998275756836 19.623489379882812 -12.294395446777344
v 18.450942993164062 19.781831741333008 -12.20702838897705
v 18.292810440063477 19.900968551635742 -12.102409362792969
v 18.116535186767578 19.97492790222168 -11.985786437988281
v 17.218441009521484 19.433883666992188 -14.32929515838623
v 17.12686538696289 19.623489379882812 -14.25308609008789
v 17.005157470703125 19.781831741333008 -14.151799201965332
v 16.859416961669922 19.900968551635742 -14.030513763427734
v 16.69695281982422 19.97492790222168 -13.895310401916504
v 15.547934532165527 19.433883666992188 -16.126535415649414
v 15.46524429321289 19.623489379882812 -16.040767669677734
v 15.35534381866455 19.781831741333008 -15.926776885986328
v 15.223742485046387 19.900968551635742 -15.790279388427734
v 15.077041625976562 19.97492790222168 -15.638118743896484
v 13.69088363647461 19.433883666992188 -17.730287551879883
v 13.618069648742676 19.623489379882812 -17.6359920501709
v 13.521295547485352 19.781831741333008 -17.510663986206055
v 13.405413627624512 19.900968551635742 -17.360591888427734
v 13.276233673095703 19.97492790222168 -17.19329833984375
v 11.669568061828613 19.433883666992188 -19.121313095092773
v 11.607504844665527 19.623489379882812 -19.019617080688477
v 11.525018692016602 19.781831741333008 -18.884458541870117
v 11.426244735717773 19.900968551635742 -18.722612380981445
v 11.316137313842773 19.97492790222168 -18.542194366455078
v 9.539633750915527 19.22252082824707 -20.349884033203125
v 9.508241653442383 19.433883666992188 -20.282917022705078
v 9.457673072814941 19.623489379882812 -20.175045013427734
v 9.390463829040527 19.781831741333008 -20.031675338745117
v 9.30998420715332 19.900968551635742 -19.859996795654297
v 9.220269203186035 19.97492790222168 -19.66861915588379
v 7.2567138671875 19.22252082824707 -21.27116584777832
v 7.2328338623046875 19.433883666992188 -21.201168060302734
v 7.194366931915283 19.623489379882812 -21.088411331176758
v 7.1432414054870605 19.781831741333008 -20.93855094909668
v 7.082021236419678 19.900968551635742 -20.75909996032715
v 7.0137763023376465 19.97492790222168 -20.559057235717773
v 4.886727333068848 19.22252082824707 -21.93723487854004
v 4.8706464767456055 19.433883666992188 -21.86504554748535
v 4.844742298126221 19.623489379882812 -21.74875831604004
v 4.810314178466797 19.781831741333008 -21.59420394897461
v 4.769088268280029 19.900968551635742 -21.409133911132812
v 4.7231316566467285 19.97492790222168 -21.202829360961914
v 2.4581100940704346 19.22252082824707 -22.340099334716797
v 2.4500210285186768 19.433883666992188 -22.266584396362305
v 2.436990737915039 19.623489379882812 -22.148162841796875
v 2.419672727584839 19.781831741333008 -21.99077033996582
v 2.398935317993164 19.900968551635742 -21.80230140686035
v 2.3758182525634766 19.97492790222168 -21.592206954956055
v -2.3492696285247803 19.22252082824707 -22.351808547973633
v -2.341538906097412 19.433883666992188 -22.27825355529785
v -2.3290855884552 19.623489379882812 -22.15976905822754
v -2.3125343322753906 19.781831741333008 -22.002294540405273
v -2.292715072631836 19.900968551635742 -21.81372833251953
v -2.2706217765808105 19.97492790222168 -21.60352325439453
v -4.672800064086914 19.22252082824707 -21.983797073364258
v -4.657423496246338 19.433883666992188 -21.911453247070312
v -4.63265323638916 19.623489379882812 -21.794919967651367
v -4.599732398986816 19.781831741333008 -21.640037536621094
v -4.5603108406066895 19.900968551635742 -21.45457649230957
v -4.516366004943848 19.97492790222168 -21.247831344604492
v -6.94513463973999 19.22252082824707 -21.374927520751953
v -6.9222798347473145 19.433883666992188 -21.304588317871094
v -6.885464668273926 19.623489379882812 -21.191280364990234
v -6.83653450012207 19.781831741333008 -21.04068946838379
v -6.777942657470703 19.900968551635742 -20.860363006591797
v -6.712628364562988 19.97492790222168 -20.659345626831055
v -9.141376495361328 19.22252082824707 -20.53186798095703
v -9.111294746398926 19.433883666992188 -20.464303970336914
v -9.062837600708008 19.623489379882812 -20.355466842651367
v -8.998434066772461 19.781831741333008 -20.210813522338867
v -8.921314239501953 19.900968551635742 -20.037599563598633
v -8.835345268249512 19.97492790222168 -19.844511032104492
v -11.23746395111084 19.22252082824707 -19.463857650756836
v -11.200484275817871 19.433883666992188 -19.399808883666992
v -11.140915870666504 19.623489379882812 -19.296632766723633
v -11.061744689941406 19.781831741333008 -19.159503936767578
v -10.966941833496094 19.900968551635742 -18.99530029296875
v -10.861260414123535 19.97492790222168 -18.812255859375
v -13.210431098937988 19.22252082824707 -18.182598114013672
v -13.166958808898926 19.433883666992188 -18.122764587402344
v -13.096932411193848 19.623489379882812 -18.02638053894043
v -13.003861427307129 19.781831741333008 -17.898279190063477
v -12.892413139343262 19.900968551635742 -17.744884490966797
v -12.768177032470703 19.97492790222168 -17.573888778686523
v -15.03866195678711 19.22252082824707 -16.702125549316406
v -14.989173889160156 19.433883666992188 -16.64716339111328
v -14.909455299377441 19.623489379882812 -16.55862808227539
v -14.80350399017334 19.781831741333008 -16.440956115722656
v -14.67663288116455 19.900968551635742 -16.300052642822266
v -14.53520393371582 19.97492790222168 -16.14297866821289
v -16.702125549316406 19.22252082824707 -15.03866195678711
v -16.64716339111328 19.433883666992188 -14.989173889160156
v -16.55862808227539 19.623489379882812 -14.909455299377441
v -16.440956115722656 19.781831741333008 -14.80350399017334
v -16.300052642822266 19.900968551635742 -14.67663288116455
v -16.14297866821289 19.97492790222168 -14.53520393371582
v -18.182598114013672 19.22252082824707 -13.210431098937988
v -18.122764587402344 19.433883666992188 -13.166958808898926
v -18.02638053894043 19.623489379882812 -13.096932411193848
v -17.898279190063477 19.781831741333008 -13.003861427307129
v -17.744884490966797 19.900968551635742 -12.892413139343262
v -17.573888778686523 19.97492790222168 -12.768177032470703
v -19.463857650756836 19.22252082824707 -11.23746395111084
v -19.399808883666992 19.433883666992188 -11.200484275817871
v -19.296632766723633 19.623489379882812 -11.140915870666504
v -19.159503936767578 19.781831741333008 -11.061744689941406
v -18.99530029296875 19.900968551635742 -10.966941833496094
v -18.812255859375 19.97492790222168 -10.861260414123535
v -20.53186798095703 19.22252082824707 -9.141376495361328
v -20.464303970336914 19.433883666992188 -9.111294746398926
v -20.355466842651367 19.623489379882812 -9.062837600708008
v -20.210813522338867 19.781831741333008 -8.998434066772461
v -20.037599563598633 19.900968551635742 -8.921314239501953
v -19.844511032104492 19.97492790222168 -8.835345268249512
v -21.374927520751953 19.22252082824707 -6.94513463973999
v -21.304588317871094 19.433883666992188 -6.9222798347473145
v -21.191280364990234 19.623489379882812 -6.885464668273926
v -21.04068946838379 19.781831741333008 -6.83653450012207
v -20.860363006591797 19.900968551635742 -6.777942657470703
v -20.659345626831055 19.97492790222168 -6.712628364562988
v -21.983797073364258 19.22252082824707 -4.672800064086914
v -21.911453247070312 19.433883666992188 -4.657423496246338
v -21.794919967651367 19.623489379882812 -4.63265323638916
v -21.640037536621094 19.781831741333008 -4.599732398986816
v -21.45457649230957 19.900968551635742 -4.5603108406066895
v -21.247831344604492 19.97492790222168 -4.516366004943848
v -22.351808547973633 19.22252082824707 -2.3492696285247803
v -22.27825355529785 19.433883666992188 -2.341538906097412
v -22.15976905822754 19.623489379882812 -2.3290855884552
v -22.002294540405273 19.781831741333008 -2.3125343322753906
v -21.81372833251953 19.900968551635742 -2.292715072631836
v -21.60352325439453 19.97492790222168 -2.2706217765808105
v -22.47492790222168 19.22252082824707 0
v -22.400968551635742 19.433883666992188 0
v -22.281831741333008 19.623489379882812 0
v -22.123489379882812 19.781831741333008 0
v -21.933883666992188 19.900968551635742 0
v -21.72252082824707 19.97492790222168 0
v -22.346153259277344 19.22252082824707 2.4024600982666016
v -22.27261734008789 19.433883666992188 2.394554376602173
v -22.154163360595703 19.623489379882812 2.381819009780884
v -21.996728897094727 19.781831741333008 2.3648931980133057
v -21.808208465576172 19.900968551635742 2.344625234603882
v -21.59805679321289 19.97492790222168 2.3220314979553223
v -21.961305618286133 19.22252082824707 4.7773895263671875
v -21.889036178588867 19.433883666992188 4.7616682052612305
v -21.772621154785156 19.623489379882812 4.736343860626221
v -21.61789894104004 19.781831741333008 4.702685832977295
v -21.43262481689453 19.900968551635742 4.662382125854492
v -21.226093292236328 19.97492790222168 4.6174540519714355
v -21.32479476928711 19.22252082824707 7.0975728034973145
v -21.254619598388672 19.433883666992188 7.074216842651367
v -21.141578674316406 19.623489379882812 7.036592960357666
v -20.99134063720703 19.781831741333008 6.986588954925537
v -20.811437606811523 19.900968551635742 6.926711559295654
v -20.610891342163086 19.97492790222168 6.8599629402160645
v -20.44391441345215 19.22252082824707 9.33642292022705
v -20.376638412475586 19.433883666992188 9.30569839477539
v -20.268266677856445 19.623489379882812 9.256207466125488
v -20.12423324584961 19.781831741333008 9.1904296875
v -19.951763153076172 19.900968551635742 9.111664772033691
v -19.75950050354004 19.97492790222168 9.023860931396484
v -19.328758239746094 19.22252082824707 11.468281745910645
v -19.265151977539062 19.433883666992188 11.430542945861816
v -19.16269302368164 19.623489379882812 11.3697509765625
v -19.02651596069336 19.781831741333008 11.28895378112793
v -18.863452911376953 19.900968551635742 11.192203521728516
v -18.681676864624023 19.97492790222168 11.084351539611816
v -17.992107391357422 19.22252082824707 13.468722343444824
v -17.932899475097656 19.433883666992188 13.424400329589844
v -17.8375244140625 19.623489379882812 13.35300350189209
v -17.710765838623047 19.781831741333008 13.258112907409668
v -17.558979034423828 19.900968551635742 13.144486427307129
v -17.389774322509766 19.97492790222168 13.017821311950684
v -16.449275970458984 19.22252082824707 15.3148193359375
v -16.3951473236084 19.433883666992188 15.264422416687012
v -16.307950973510742 19.623489379882812 15.183239936828613
v -16.192060470581055 19.781831741333008 15.075343132019043
v -16.05328941345215 19.900968551635742 14.946142196655273
v -15.89859390258789 19.97492790222168 14.802115440368652
v -14.717947959899902 19.22252082824707 16.985416412353516
v -14.669514656066895 19.433883666992188 16.929523468017578
v -14.591496467590332 19.623489379882812 16.83948516845703
v -14.487804412841797 19.781831741333008 16.719818115234375
v -14.363638877868652 19.900968551635742 16.576522827148438
v -14.225226402282715 19.97492790222168 16.416786193847656
v -12.817959785461426 19.22252082824707 18.46137237548828
v -12.775779724121094 19.433883666992188 18.40062141418457
v -12.707833290100098 19.623489379882812 18.302759170532227
v -12.61752700805664 19.781831741333008 18.172693252563477
v -12.509390830993652 19.900968551635742 18.016948699951172
v -12.388845443725586 19.97492790222168 17.84333038330078
v -10.771086692810059 19.22252082824707 19.725772857666016
v -10.735641479492188 19.433883666992188 19.660860061645508
v -10.678544998168945 19.623489379882812 19.55629539489746
v -10.602660179138184 19.781831741333008 19.417322158813477
v -10.511791229248047 19.900968551635742 19.25090980529785
v -10.41049575805664 19.97492790222168 19.065401077270508
v -8.60078239440918 19.22252082824707 20.76412582397461
v -8.572479248046875 19.433883666992188 20.695796966552734
v -8.526887893676758 19.623489379882812 20.58572769165039
v -8.466293334960938 19.781831741333008 20.43943977355957
v -8.393733978271484 19.900968551635742 20.264266967773438
v -8.312849044799805 19.97492790222168 20.068992614746094
v -6.331918716430664 19.22252082824707 21.56453514099121
v -6.311082363128662 19.433883666992188 21.493572235107422
v -6.277517318725586 19.623489379882812 21.379261016845703
v -6.232907295227051 19.781831741333008 21.227333068847656
v -6.1794891357421875 19.900968551635742 21.045408248901367
v -6.119941234588623 19.97492790222168 20.842605590820312
v -3.990495204925537 19.22252082824707 22.117828369140625
v -3.9773635864257812 19.433883666992188 22.0450439453125
v -3.9562103748321533 19.623489379882812 21.927799224853516
v -3.928096294403076 19.781831741333008 21.771974563598633
v -3.2723758220672607 19.22252082824707 22.23542022705078
v -3.8944311141967773 19.900968551635742 21.58538055419922
v -3.2616071701049805 19.433883666992188 22.162250518798828
v -3.856903076171875 19.97492790222168 21.377376556396484
v -3.244260787963867 19.623489379882812 22.044382095336914
v -3.221205949783325 19.781831741333008 21.887727737426758
v -3.193598985671997 19.900968551635742 21.70014190673828
v -3.1628243923187256 19.97492790222168 21.491031646728516
v -1.6033430099487305 19.22252082824707 22.41766357421875
v -1.598066806793213 19.433883666992188 22.34389305114746
v -1.5895676612854004 19.623489379882812 22.225059509277344
v -1.578271746635437 19.781831741333008 22.067121505737305
v -0.8208298087120056 19.22252082824707 22.45993423461914
v -1.564745306968689 19.900968551635742 21.87799835205078
v -0.8181287050247192 19.433883666992188 22.386024475097656
v -1.5496668815612793 19.97492790222168 21.66717529296875
v -0.8137775659561157 19.623489379882812 22.266965866088867
v -0.8079946041107178 19.781831741333008 22.10873031616211
v -0.8010697960853577 19.900968551635742 21.91925048828125
v -0.7933503985404968 19.97492790222168 21.70802879333496
v 0.8021826148033142 19.22252082824707 22.460607528686523
v 0.7995428442955017 19.433883666992188 22.386695861816406
v 0.7952905893325806 19.623489379882812 22.26763343811035
v 0.7896389961242676 19.781831741333008 22.109394073486328
v 1.6405644416809082 19.22252082824707 22.41497039794922
v 0.7828714847564697 19.900968551635742 21.91990852355957
v 1.635165810585022 19.433883666992188 22.341209411621094
v 0.7753274440765381 19.97492790222168 21.70867919921875
v 1.6264692544937134 19.623489379882812 22.222389221191406
v 1.6149110794067383 19.781831741333008 22.064470291137695
v 1.601070761680603 19.900968551635742 21.875370025634766
v 1.5856422185897827 19.97492790222168 21.66457176208496
v 3.1985156536102295 19.22252082824707 22.246166229248047
v 3.187990188598633 19.433883666992188 22.172958374023438
v 3.1710352897644043 19.623489379882812 22.055034637451172
v 3.148500919342041 19.781831741333008 21.898303985595703
v 4.082274913787842 19.22252082824707 22.101072311401367
v 3.1215171813964844 19.900968551635742 21.710628509521484
v 4.068841457366943 19.433883666992188 22.028343200683594
v 3.0914371013641357 19.97492790222168 21.50141716003418
v 4.047201633453369 19.623489379882812 21.91118812561035
v 4.018441200256348 19.781831741333008 21.75547981262207
v 3.984001636505127 19.900968551635742 21.569028854370117
v 3.945610284805298 19.97492790222168 21.361181259155273
v 5.5581955909729 19.22252082824707 21.776796340942383
v 5.539905071258545 19.433883666992188 21.70513343811035
v 5.510441780090332 19.623489379882812 21.589696884155273
v 5.471282958984375 19.781831741333008 21.4362735748291
v 5.424392223358154 19.900968551635742 21.2525577545166
v 6.475006580352783 19.22252082824707 21.522005081176758
v 5.3721208572387695 19.97492790222168 21.047760009765625
v 6.453699111938477 19.433883666992188 21.451181411743164
v 6.419375419616699 19.623489379882812 21.337095260620117
v 6.373757362365723 19.781831741333008 21.185466766357422
v 6.319132328033447 19.900968551635742 21.0039005279541
v 6.258238792419434 19.97492790222168 20.801498413085938
v 7.854182243347168 19.22252082824707 21.057876586914062
v 7.828336238861084 19.433883666992188 20.98858070373535
v 7.7867021560668945 19.623489379882812 20.876955032348633
v 7.731367111206055 19.781831741333008 20.72859764099121
v 7.665106773376465 19.900968551635742 20.550947189331055
v 8.790050506591797 19.22252082824707 20.68471336364746
v 7.591242790222168 19.97492790222168 20.352909088134766
v 8.761124610900879 19.433883666992188 20.61664581298828
v 8.714529037475586 19.623489379882812 20.50699806213379
v 8.65260124206543 19.781831741333008 20.361268997192383
v 8.578445434570312 19.900968551635742 20.186765670776367
v 8.495780944824219 19.97492790222168 19.992238998413086
v 10.060164451599121 19.22252082824707 20.09764862060547
v 10.027059555053711 19.433883666992188 20.031513214111328
v 9.97373104095459 19.623489379882812 19.924976348876953
v 9.902854919433594 19.781831741333008 19.783384323120117
v 9.817983627319336 19.900968551635742 19.613832473754883
v 10.99963092803955 19.22252082824707 19.599246978759766
v 9.723374366760254 19.97492790222168 19.424827575683594
v 10.963434219360352 19.433883666992188 19.534751892089844
v 10.905125617980957 19.623489379882812 19.430858612060547
v 10.827630996704102 19.781831741333008 19.292776107788086
v 10.734833717346191 19.900968551635742 19.127429962158203
v 10.631389617919922 19.97492790222168 18.943111419677734
v 12.150863647460938 19.22252082824707 18.90711212158203
v 12.110877990722656 19.433883666992188 18.844894409179688
v 12.046467781066895 19.623489379882812 18.74466896057129
v 11.960861206054688 19.781831741333008 18.61146354675293
v 11.858352661132812 19.900968551635742 18.45195770263672
v 13.077237129211426 19.22252082824707 18.278627395629883
v 11.744081497192383 19.97492790222168 18.274147033691406
v 13.03420352935791 19.433883666992188 18.218477249145508
v 12.964881896972656 19.623489379882812 18.121585845947266
v 12.872749328613281 19.781831741333008 17.992807388305664
v 12.762425422668457 19.900968551635742 17.83860206604004
v 12.639442443847656 19.97492790222168 17.666704177856445
v 14.102320671081543 19.22252082824707 17.49991226196289
v 14.055913925170898 19.433883666992188 17.442325592041016
v 13.981158256530762 19.623489379882812 17.349559783935547
v 13.881804466247559 19.781831741333008 17.226268768310547
v 13.762832641601562 19.900968551635742 17.078632354736328
v 13.630208969116211 19.97492790222168 16.9140567779541
v 14.997941970825195 19.22252082824707 16.73870086669922
v 14.948588371276855 19.433883666992188 16.683618545532227
v 14.869085311889648 19.623489379882812 16.59488868713379
v 14.763421058654785 19.781831741333008 16.476959228515625
v 14.636893272399902 19.900968551635742 16.33574676513672
v 14.49584674835205 19.97492790222168 16.178329467773438
v 15.892173767089844 19.22252082824707 15.892173767089844
v 15.839877128601074 19.433883666992188 15.839877128601074
v 15.755634307861328 19.623489379882812 15.755634307861328
v 15.643670082092285 19.781831741333008 15.643670082092285
v 15.509597778320312 19.900968551635742 15.509597778320312
v 15.36014175415039 19.97492790222168 15.36014175415039
v 16.73870086669922 19.22252082824707 14.997941970825195
v 16.683618545532227 19.433883666992188 14.948588371276855
v 16.59488868713379 19.623489379882812 14.869085311889648
v 16.476959228515625 19.781831741333008 14.763421058654785
v 16.33574676513672 19.900968551635742 14.636893272399902
v 16.178329467773438 19.97492790222168 14.49584674835205
v 17.49991226196289 19.22252082824707 14.102320671081543
v 17.442325592041016 19.433883666992188 14.055913925170898
v 17.349559783935547 19.623489379882812 13.981158256530762
v 17.226268768310547 19.781831741333008 13.881804466247559
v 17.078632354736328 19.900968551635742 13.762832641601562
v 16.9140567779541 19.97492790222168 13.630208969116211
v 18.278627395629883 19.22252082824707 13.077237129211426
v 18.218477249145508 19.433883666992188 13.03420352935791
v 18.121585845947266 19.623489379882812 12.964881896972656
v 17.992807388305664 19.781831741333008 12.872749328613281
v 17.83860206604004 19.900968551635742 12.762425422668457
v 18.90711212158203 19.22252082824707 12.150863647460938
v 17.666704177856445 19.97492790222168 12.639442443847656
v 18.844894409179688 19.433883666992188 12.110877990722656
v 18.74466896057129 19.623489379882812 12.046467781066895
v 18.61146354675293 19.781831741333008 11.960861206054688
v 18.45195770263672 19.900968551635742 11.858352661132812
v 18.274147033691406 19.97492790222168 11.744081497192383
v 19.599246978759766 19.22252082824707 10.99963092803955
v 19.534751892089844 19.433883666992188 10.963434219360352
v 19.430858612060547 19.623489379882812 10.905125617980957
v 19.292776107788086 19.781831741333008 10.827630996704102
v 19.127429962158203 19.900968551635742 10.734833717346191
v 20.09764862060547 19.22252082824707 10.060164451599121
v 18.943111419677734 19.97492790222168 10.631389617919922
v 20.031513214111328 19.433883666992188 10.027059555053711
v 19.924976348876953 19.623489379882812 9.97373104095459
v 19.783384323120117 19.781831741333008 9.902854919433594
v 19.613832473754883 19.900968551635742 9.817983627319336
v 19.424827575683594 19.97492790222168 9.723374366760254
v 20.68471336364746 19.22252082824707 8.790050506591797
v 20.61664581298828 19.433883666992188 8.761124610900879
v 20.50699806213379 19.623489379882812 8.714529037475586
v 20.361268997192383 19.781831741333008 8.65260124206543
v 20.186765670776367 19.900968551635742 8.578445434570312
v 21.057876586914062 19.22252082824707 7.854182243347168
v 19.992238998413086 19.97492790222168 8.495780944824219
v 20.98858070373535 19.433883666992188 7.828336238861084
v 20.876955032348633 19.623489379882812 7.7867021560668945
v 20.72859764099121 19.781831741333008 7.731367111206055
v 20.550947189331055 19.900968551635742 7.665106773376465
v 20.352909088134766 19.97492790222168 7.591242790222168
v 21.522005081176758 19.22252082824707 6.475006580352783
v 21.451181411743164 19.433883666992188 6.453699111938477
v 21.337095260620117 19.623489379882812 6.419375419616699
v 21.185466766357422 19.781831741333008 6.373757362365723
v 21.0039005279541 19.900968551635742 6.319132328033447
v 21.776796340942383 19.22252082824707 5.5581955909729
v 20.801498413085938 19.97492790222168 6.258238792419434
v 21.70513343811035 19.433883666992188 5.539905071258545
v 21.589696884155273 19.623489379882812 5.510441780090332
v 21.4362735748291 19.781831741333008 5.471282958984375
v 21.2525577545166 19.900968551635742 5.424392223358154
v 21.047760009765625 19.97492790222168 5.3721208572387695
v 22.101072311401367 19.22252082824707 4.082274913787842
v 22.028343200683594 19.433883666992188 4.068841457366943
v 21.91118812561035 19.623489379882812 4.047201633453369
v 21.75547981262207 19.781831741333008 4.018441200256348
v 22.246166229248047 19.22252082824707 3.1985156536102295
v 21.569028854370117 19.900968551635742 3.984001636505127
v 22.172958374023438 19.433883666992188 3.187990188598633
v 21.361181259155273 19.97492790222168 3.945610284805298
v 22.055034637451172 19.623489379882812 3.1710352897644043
v 21.898303985595703 19.781831741333008 3.148500919342041
v 21.710628509521484 19.900968551635742 3.1215171813964844
v 21.50141716003418 19.97492790222168 3.0914371013641357
v 22.41497039794922 19.22252082824707 1.6405644416809082
v 22.341209411621094 19.433883666992188 1.635165810585022
v 22.222389221191406 19.623489379882812 1.6264692544937134
v 22.064470291137695 19.781831741333008 1.6149110794067383
v 22.460607528686523 19.22252082824707 0.8021826148033142
v 21.875370025634766 19.900968551635742 1.601070761680603
v 22.386695861816406 19.433883666992188 0.7995428442955017
v 21.66457176208496 19.97492790222168 1.5856422185897827
v 22.26763343811035 19.623489379882812 0.7952905893325806
v 22.109394073486328 19.781831741333008 0.7896389961242676
v 21.91990852355957 19.900968551635742 0.7828714847564697
v 21.70867919921875 19.97492790222168 0.7753274440765381
v 22.45993423461914 19.22252082824707 -0.8208298087120056
v 22.386024475097656 19.433883666992188 -0.8181287050247192
v 22.266965866088867 19.623489379882812 -0.8137775659561157
v 22.10873031616211 19.781831741333008 -0.8079946041107178
v 22.41766357421875 19.22252082824707 -1.6033430099487305
v 21.91925048828125 19.900968551635742 -0.8010697960853577
v 22.34389305114746 19.433883666992188 -1.598066806793213
v 21.70802879333496 19.97492790222168 -0.7933503985404968
v 22.225059509277344 19.623489379882812 -1.5895676612854004
v 22.067121505737305 19.781831741333008 -1.578271746635437
v 21.87799835205078 19.900968551635742 -1.564745306968689
v 21.66717529296875 19.97492790222168 -1.5496668815612793
v 22.23542022705078 19.22252082824707 -3.2723758220672607
v 22.162250518798828 19.433883666992188 -3.2616071701049805
v 22.044382095336914 19.623489379882812 -3.244260787963867
v 21.887727737426758 19.781831741333008 -3.221205949783325
v 22.117828369140625 19.22252082824707 -3.990495204925537
v 21.70014190673828 19.900968551635742 -3.193598985671997
v 22.0450439453125 19.433883666992188 -3.9773635864257812
v 21.491031646728516 19.97492790222168 -3.1628243923187256
v 21.927799224853516 19.623489379882812 -3.9562103748321533
v 21.771974563598633 19.781831741333008 -3.928096294403076
v 21.58538055419922 19.900968551635742 -3.8944311141967773
v 21.377376556396484 19.97492790222168 -3.856903076171875
v 21.74412727355957 19.22252082824707 -5.684659481048584
v 21.67257308959961 19.433883666992188 -5.665952682495117
v 21.557308197021484 19.623489379882812 -5.635818958282471
v 21.404115676879883 19.781831741333008 -5.595768928527832
v 20.92286491394043 19.433883666992188 -8.002318382263184
v 20.81159019470215 19.623489379882812 -7.959758281707764
v 20.6636962890625 19.781831741333008 -7.903193950653076
v -21.5 20 -2.6329906933534415e-15
v -21.382221221923828 20 -2.247361898422241
v -21.030174255371094 20 -4.470101356506348
v -20.447715759277344 20 -6.643865585327148
v -19.64122772216797 20 -8.744837760925293
v -18.61954689025879 20 -10.75
v -17.39386558532715 20 -12.637382507324219
v -15.97761344909668 20 -14.386307716369629
v -14.386307716369629 20 -15.97761344909668
v -12.637382507324219 20 -17.39386558532715
v -10.75 20 -18.61954689025879
v -8.744837760925293 20 -19.64122772216797
v -6.643865585327148 20 -20.447715759277344
v -4.470101356506348 20 -21.030174255371094
v -2.247361898422241 20 -21.382221221923828
v -2.6329906933534415e-15 20 -21.5
v 2.3514809608459473 20 -21.371021270751953
v 4.67474889755249 20 -20.985631942749023
v 6.941928863525391 20 -20.34845542907715
v 9.125819206237793 20 -19.46713638305664
v 11.200217247009277 20 -18.352251052856445
v 13.14023494720459 20 -17.017173767089844
v 14.922595024108887 20 -15.477924346923828
v 16.52591323852539 20 -13.752969741821289
v 17.930953979492188 20 -11.863006591796875
v 19.1208553314209 20 -9.830710411071777
v 20.08134651184082 20 -7.680464267730713
v 20.800899505615234 20 -5.43806791305542
v 21.27088165283203 20 -3.130425214767456
v 21.48565673828125 20 -0.7852234840393066
v 21.442644119262695 20 1.5693992376327515
v 21.142362594604492 20 3.9051923751831055
v 20.58841323852539 20 6.1941304206848145
v 19.787443161010742 20 8.408751487731934
v 18.749061584472656 20 10.522483825683594
v 17.485729217529297 20 12.509966850280762
v 16.012601852416992 20 14.347354888916016
v 14.347354888916016 20 16.012601852416992
v 12.509966850280762 20 17.485729217529297
v 10.522483825683594 20 18.749061584472656
v 8.408751487731934 20 19.787443161010742
v 6.1941304206848145 20 20.58841323852539
v 3.9051923751831055 20 21.142362594604492
v 1.5693992376327515 20 21.442644119262695
v -0.7852234840393066 20 21.48565673828125
v -3.130425214767456 20 21.27088165283203
v -5.43806791305542 20 20.800899505615234
v -7.680464267730713 20 20.08134651184082
v -9.830710411071777 20 19.1208553314209
v -11.863006591796875 20 17.930953979492188
v -13.752969741821289 20 16.52591323852539
v -15.477924346923828 20 14.922595024108887
v -17.017173767089844 20 13.14023494720459
v -18.352251052856445 20 11.200217247009277
v -19.46713638305664 20 9.125819206237793
v -20.34845542907715 20 6.941928863525391
v -20.985631942749023 20 4.67474889755249
v -21.371021270751953 20 2.3514809608459473
v 15 20 15
v 11 20 15
v 11 20 11
v 15 20 11
v 15 20 14.958459854125977
v 2.5 20 -3.0616169991140216e-16
v 2.427354574203491 20 0.5982891321182251
v 2.213639974594116 20 1.161807894706726
v 1.87127685546875 20 1.657806634902954
v 1.4201618432998657 20 2.057459592819214
v 0.8865122199058533 20 2.337540626525879
v 0.301341712474823 20 2.4817721843719482
v -0.301341712474823 20 2.4817721843719482
v -0.8865122199058533 20 2.337540626525879
v -1.4201618432998657 20 2.057459592819214
v -1.87127685546875 20 1.657806634902954
v -2.213639974594116 20 1.161807894706726
v -2.427354574203491 20 0.5982891321182251
v -2.5 20 7.273661653452862e-15
v -2.427354574203491 20 -0.5982891321182251
v -2.213639974594116 20 -1.161807894706726
v -1.87127685546875 20 -1.657806634902954
v -1.4201618432998657 20 -2.057459592819214
v -0.8865122199058533 20 -2.337540626525879
v -0.301341712474823 20 -2.4817721843719482
v 0.301341712474823 20 -2.4817721843719482
v 0.8865122199058533 20 -2.337540626525879
v 1.4201618432998657 20 -2.057459592819214
v 1.87127685546875 20 -1.657806634902954
v 2.213639974594116 20 -1.161807894706726
v 2.427354574203491 20 -0.5982891321182251
v -11 20 -11
v -15 20 -11
v -15 20 -15
v -14.958459854125977 20 -15
v -11 20 -15
v 15 20 -15
v 15 20 -11
v 11 20 -11
v 11 20 -15
v 14.958459854125977 20 -15
v -15 20 15
v -15 20 11
v -11 20 11
v -11 20 15
v -14.958459854125977 20 15
v -22.5 19 2.7554553521421787e-15
v -22.371082305908203 19 2.4051401615142822
v -21.985803604125977 19 4.782719135284424
v -21.348583221435547 19 7.105490684509277
v -20.466720581054688 19 9.346837997436523
v -19.35032081604004 19 11.481075286865234
v -18.012178421020508 19 13.483747482299805
v -16.467626571655273 19 15.331903457641602
v -14.734366416931152 19 17.004365921020508
v -12.832259178161621 19 18.48196792602539
v -10.783102035522461 19 19.747777938842773
v -8.610377311706543 19 20.787288665771484
v -6.338982582092285 19 21.588592529296875
v -3.9949469566345215 19 22.142501831054688
v -1.6051316261291504 19 22.442672729492188
v 0.8030775189399719 19 22.48566436767578
v 3.2020838260650635 19 22.27098274230957
v 5.564396381378174 19 21.801090240478516
v 7.86294412612915 19 21.081369400024414
v 10.07138729095459 19 20.12006950378418
v 12.16441822052002 19 18.928203582763672
v 14.11805248260498 19 17.519433975219727
v 15.909902572631836 19 15.909902572631836
v 17.519433975219727 19 14.11805248260498
v 18.928203582763672 19 12.16441822052002
v 20.12006950378418 19 10.07138729095459
v 21.081369400024414 19 7.86294412612915
v 21.801090240478516 19 5.564396381378174
v 22.27098274230957 19 3.2020838260650635
v 22.48566436767578 19 0.8030775189399719
v 22.442672729492188 19 -1.6051316261291504
v 22.142501831054688 19 -3.9949469566345215
v 21.588592529296875 19 -6.338982582092285
v 20.787288665771484 19 -8.610377311706543
v 19.747777938842773 19 -10.783102035522461
v 18.48196792602539 19 -12.832259178161621
v 17.004365921020508 19 -14.734366416931152
v 15.331903457641602 19 -16.467626571655273
v 13.483747482299805 19 -18.012178421020508
v 11.481075286865234 19 -19.35032081604004
v 9.346837997436523 19 -20.466720581054688
v 7.105490684509277 19 -21.348583221435547
v 4.782719135284424 19 -21.985803604125977
v 2.4051401615142822 19 -22.371082305908203
v -2.7554553521421787e-15 19 -22.5
v -22.5 0 2.7554553521421787e-15
v -22.372533798217773 0 2.391603469848633
v -21.9915771484375 0 4.756109237670898
v -21.361446380615234 0 7.066726207733154
v -20.489282608032227 0 9.297274589538574
v -19.384965896606445 0 11.422480583190918
v -18.061012268066406 0 13.418265342712402
v -16.532419204711914 0 15.262016296386719
v -14.816506385803223 0 16.932842254638672
v -12.932716369628906 0 18.41181182861328
v -10.90239429473877 0 19.68216896057129
v -8.748543739318848 0 20.72951889038086
v -6.495568752288818 0 21.541996002197266
v -4.168996334075928 0 22.110393524169922
v -1.7951873540878296 0 22.42827033996582
v 0.5989617109298706 0 22.49202537536621
v 2.9863243103027344 0 22.300939559936523
v 5.339850902557373 0 21.8571720123291
v 7.632874488830566 0 21.165756225585938
v 9.839414596557617 0 20.23452377319336
v 11.934470176696777 0 19.074024200439453
v 13.894304275512695 0 17.697410583496094
v 15.696709632873535 0 16.120277404785156
v 17.321264266967773 0 14.360493659973145
v 18.749563217163086 0 12.43800163269043
v 19.965421676635742 0 10.374581336975098
v 20.95506477355957 0 8.193613052368164
v 21.707277297973633 0 5.9198079109191895
v 22.213537216186523 0 3.5789287090301514
v 22.468111038208008 0 1.1974989175796509
v 22.468111038208008 0 -1.1974989175796509
v 22.213537216186523 0 -3.5789287090301514
v 21.707277297973633 0 -5.9198079109191895
v 20.95506477355957 0 -8.193613052368164
v 19.965421676635742 0 -10.374581336975098
v 18.749563217163086 0 -12.43800163269043
v 17.321264266967773 0 -14.360493659973145
v 15.696709632873535 0 -16.120277404785156
v 13.894304275512695 0 -17.697410583496094
v 11.934470176696777 0 -19.074024200439453
v 9.839414596557617 0 -20.23452377319336
v 7.632874488830566 0 -21.165756225585938
v 5.339850902557373 0 -21.8571720123291
v 2.9863243103027344 0 -22.300939559936523
v 0.5989617109298706 0 -22.49202537536621
v -1.7951873540878296 0 -22.42827033996582
v -4.168996334075928 0 -22.110393524169922
v -6.495568752288818 0 -21.541996002197266
v -8.748543739318848 0 -20.72951889038086
v -10.90239429473877 0 -19.68216896057129
v -12.932716369628906 0 -18.41181182861328
v -14.816506385803223 0 -16.932842254638672
v -16.532419204711914 0 -15.262016296386719
v -18.061012268066406 0 -13.418265342712402
v -19.384965896606445 0 -11.422480583190918
v -20.489282608032227 0 -9.297274589538574
v -21.361446380615234 0 -7.066726207733154
v -21.9915771484375 0 -4.756109237670898
v -22.372533798217773 0 -2.391603469848633
v -22.5 0 2.7554553521421787e-15
v -22.5 19 2.7554553521421787e-15
v -2.3518903255462646 19 -22.37674331665039
v -4.678012847900391 19 -22.00832176208496
v -6.952882289886475 19 -21.398771286010742
v -9.15157413482666 19 -20.554773330688477
v -11.25 19 -19.485570907592773
v -13.225168228149414 19 -18.202882766723633
v -15.055438995361328 19 -16.72075843811035
v -16.72075843811035 19 -15.055438995361328
v -18.202882766723633 19 -13.225168228149414
v -19.485570907592773 19 -11.25
v -20.554773330688477 19 -9.15157413482666
v -21.398771286010742 19 -6.952882289886475
v -22.00832176208496 19 -4.678012847900391
v -22.37674331665039 19 -2.3518903255462646
v -11 84 8.733345908159672e-16
v -10.888035774230957 84 -1.5654631853103638
v -10.554422378540039 84 -3.099058151245117
v -10.005951881408691 84 -4.569565296173096
v -9.253788948059082 84 -5.947049140930176
v -8.31324577331543 84 -7.203467845916748
v -7.203467845916748 84 -8.31324577331543
v -5.947049140930176 84 -9.253788948059082
v -4.569565296173096 84 -10.005951881408691
v -3.099058151245117 84 -10.554422378540039
v -1.5654631853103638 84 -10.888035774230957
v -3.567557507684659e-15 84 -11
v -3.594808675180198e-15 83.97492980957031 -11.22252082824707
v -3.620693155015342e-15 83.90097045898438 -11.433883666992188
v -3.643912869198424e-15 83.78182983398438 -11.623489379882812
v -3.6633044179763905e-15 83.62348937988281 -11.781831741333008
v -3.677894560492846e-15 83.43388366699219 -11.900968551635742
v -3.686951883797836e-15 83.22251892089844 -11.97492790222168
v -3.690022378231633e-15 83 -12
v -1.7077780961990356 83 -11.877857208251953
v -3.3807907104492188 83 -11.513916015625
v -4.98498010635376 83 -10.915583610534668
v -6.487689971923828 83 -10.09504222869873
v -7.858328819274902 83 -9.068994522094727
v -9.068994522094727 83 -7.858328819274902
v -10.09504222869873 83 -6.487689971923828
v -10.915583610534668 83 -4.98498010635376
v -11.513916015625 83 -3.3807907104492188
v -11.877857208251953 83 -1.7077780961990356
v -12 83 3.690022378231633e-15
v -11.870118141174316 83 1.7607656717300415
v -11.483283996582031 83 3.4834160804748535
v -10.847871780395508 83 5.1306610107421875
v -9.977635383605957 83 6.666842937469482
v -8.891413688659668 83 8.058707237243652
v -7.612719535827637 83 9.27612590789795
v -6.1692328453063965 83 10.292743682861328
v -4.592201232910156 83 11.086554527282715
v -2.915762186050415 83 11.640375137329102
v -1.1762056350708008 83 11.942216873168945
v 0.5888121128082275 83 11.98554515838623
v 2.3410837650299072 83 11.769423484802246
v 4.042678356170654 83 11.298528671264648
v 5.6567606925964355 83 10.58305549621582
v 7.1483917236328125 83 9.638490676879883
v 8.485280990600586 83 8.485280990600586
v 9.638490676879883 83 7.1483917236328125
v 10.58305549621582 83 5.6567606925964355
v 11.298528671264648 83 4.042678356170654
v 11.769423484802246 83 2.3410837650299072
v 11.98554515838623 83 0.5888121128082275
v 11.942216873168945 83 -1.1762056350708008
v 11.640375137329102 83 -2.915762186050415
v 11.086554527282715 83 -4.592201232910156
v 10.292743682861328 83 -6.1692328453063965
v 9.27612590789795 83 -7.612719535827637
v 8.058707237243652 83 -8.891413688659668
v 6.666842937469482 83 -9.977635383605957
v 5.1306610107421875 83 -10.847871780395508
v 3.4834160804748535 83 -11.483283996582031
v 1.7607656717300415 83 -11.870118141174316
v -3.690022378231633e-15 83 -12
v -3.567557507684659e-15 84 -11
v -3.594808675180198e-15 83.97492980957031 -11.22252082824707
v -3.620693155015342e-15 83.90097045898438 -11.433883666992188
v -3.643912869198424e-15 83.78182983398438 -11.623489379882812
v -3.6633044179763905e-15 83.62348937988281 -11.781831741333008
v -3.677894560492846e-15 83.43388366699219 -11.900968551635742
v -3.686951883797836e-15 83.22251892089844 -11.97492790222168
v 1.6657055616378784 84 -10.873151779174805
v 3.292994260787964 84 -10.495532035827637
v 4.844335556030273 84 -9.875849723815918
v 6.283950328826904 84 -9.028397560119629
v 7.578636169433594 84 -7.972720623016357
v 8.698533058166504 84 -6.733165740966797
v 9.617813110351562 84 -5.338321685791016
v 10.31527328491211 84 -3.8203577995300293
v 10.774828910827637 84 -2.2142837047576904
v 10.985881805419922 84 -0.5571408867835999
v 10.943562507629395 84 1.1128515005111694
v 10.648848533630371 84 2.7571778297424316
v 10.108535766601562 84 4.33791446685791
v 9.335086822509766 84 5.818603992462158
v 8.346339225769043 84 7.165097236633301
v 7.165097236633301 84 8.346339225769043
v 5.818603992462158 84 9.335086822509766
v 4.33791446685791 84 10.108535766601562
v 2.7571778297424316 84 10.648848533630371
v 1.1128515005111694 84 10.943562507629395
v -0.5571408867835999 84 10.985881805419922
v -2.2142837047576904 84 10.774828910827637
v -3.8203577995300293 84 10.31527328491211
v -5.338321685791016 84 9.617813110351562
v -6.733165740966797 84 8.698533058166504
v -7.972720623016357 84 7.578636169433594
v -9.028397560119629 84 6.283950328826904
v -9.875849723815918 84 4.844335556030273
v -10.495532035827637 84 3.292994260787964
v -10.873151779174805 84 1.6657055616378784
v -1.7042099237442017 83.22251892089844 -11.85304069519043
v -1.693684458732605 83.43388366699219 -11.779833793640137
v -1.676729440689087 83.62348937988281 -11.661909103393555
v -1.6541950702667236 83.78182983398438 -11.505179405212402
v -1.627211332321167 83.90097045898438 -11.317502975463867
v -1.5971312522888184 83.97492980957031 -11.108291625976562
v -3.3737270832061768 83.22251892089844 -11.489859580993652
v -3.3528904914855957 83.43388366699219 -11.418895721435547
v -3.3193254470825195 83.62348937988281 -11.304584503173828
v -3.2747154235839844 83.78182983398438 -11.152656555175781
v -3.221297264099121 83.90097045898438 -10.970730781555176
v -3.1617496013641357 83.97492980957031 -10.767930030822754
v -4.974565029144287 83.22251892089844 -10.892777442932129
v -4.943840980529785 83.43388366699219 -10.825502395629883
v -4.894349575042725 83.62348937988281 -10.717130661010742
v -4.8285722732543945 83.78182983398438 -10.573098182678223
v -4.749806880950928 83.90097045898438 -10.400626182556152
v -4.662003517150879 83.97492980957031 -10.208364486694336
v -6.474134922027588 83.22251892089844 -10.07395076751709
v -6.434149742126465 83.43388366699219 -10.01173210144043
v -6.369739055633545 83.62348937988281 -9.911507606506348
v -6.284132957458496 83.78182983398438 -9.778302192687988
v -6.181624412536621 83.90097045898438 -9.618795394897461
v -6.067352771759033 83.97492980957031 -9.440985679626465
v -7.841909885406494 83.22251892089844 -9.050046920776367
v -7.7934770584106445 83.43388366699219 -8.994152069091797
v -7.715458869934082 83.62348937988281 -8.90411376953125
v -7.611767292022705 83.78182983398438 -8.78444766998291
v -7.487601280212402 83.90097045898438 -8.641152381896973
v -7.349188327789307 83.97492980957031 -8.481415748596191
v -9.050046920776367 83.22251892089844 -7.841909885406494
v -8.994152069091797 83.43388366699219 -7.7934770584106445
v -8.90411376953125 83.62348937988281 -7.715458869934082
v -8.78444766998291 83.78182983398438 -7.611767292022705
v -8.641152381896973 83.90097045898438 -7.487601280212402
v -8.481415748596191 83.97492980957031 -7.349188327789307
v -10.07395076751709 83.22251892089844 -6.474134922027588
v -10.01173210144043 83.43388366699219 -6.434149742126465
v -9.911507606506348 83.62348937988281 -6.369739055633545
v -9.778302192687988 83.78182983398438 -6.284132957458496
v -9.618795394897461 83.90097045898438 -6.181624412536621
v -9.440985679626465 83.97492980957031 -6.067352771759033
v -10.892777442932129 83.22251892089844 -4.974565029144287
v -10.825502395629883 83.43388366699219 -4.943840980529785
v -10.717130661010742 83.62348937988281 -4.894349575042725
v -10.573098182678223 83.78182983398438 -4.8285722732543945
v -10.400626182556152 83.90097045898438 -4.749806880950928
v -10.208364486694336 83.97492980957031 -4.662003517150879
v -11.489859580993652 83.22251892089844 -3.3737270832061768
v -11.418895721435547 83.43388366699219 -3.3528904914855957
v -11.304584503173828 83.62348937988281 -3.3193254470825195
v -11.152656555175781 83.78182983398438 -3.2747154235839844
v -10.970730781555176 83.90097045898438 -3.221297264099121
v -10.767930030822754 83.97492980957031 -3.1617496013641357
v -11.85304069519043 83.22251892089844 -1.7042099237442017
v -11.779833793640137 83.43388366699219 -1.693684458732605
v -11.661909103393555 83.62348937988281 -1.676729440689087
v -11.505179405212402 83.78182983398438 -1.6541950702667236
v -11.317502975463867 83.90097045898438 -1.627211332321167
v -11.108291625976562 83.97492980957031 -1.5971312522888184
v -11.97492790222168 83.22251892089844 2.220446049250313e-15
v -11.900968551635742 83.43388366699219 2.220446049250313e-15
v -11.781831741333008 83.62348937988281 2.220446049250313e-15
v -11.623489379882812 83.78182983398438 2.220446049250313e-15
v -11.433883666992188 83.90097045898438 2.220446049250313e-15
v -11.22252082824707 83.97492980957031 2.220446049250313e-15
v -11.845317840576172 83.22251892089844 1.7570868730545044
v -11.7721586227417 83.43388366699219 1.7462347745895386
v -11.654311180114746 83.62348937988281 1.728753685951233
v -11.49768352508545 83.78182983398438 1.7055201530456543
v -11.310129165649414 83.90097045898438 1.6776992082595825
v -11.101054191589355 83.97492980957031 1.6466858386993408
v -11.459291458129883 83.22251892089844 3.476138114929199
v -11.388517379760742 83.43388366699219 3.4546689987182617
v -11.27450942993164 83.62348937988281 3.4200851917266846
v -11.12298583984375 83.78182983398438 3.3741209506988525
v -10.941544532775879 83.90097045898438 3.3190813064575195
v -10.739282608032227 83.97492980957031 3.257725954055786
v -10.825206756591797 83.22251892089844 5.119941234588623
v -10.75834846496582 83.43388366699219 5.088319778442383
v -10.650649070739746 83.62348937988281 5.037382125854492
v -10.5075101852417 83.78182983398438 4.969682216644287
v -10.336108207702637 83.90097045898438 4.888615131378174
v -10.145038604736328 83.97492980957031 4.798245906829834
v -9.956789016723633 83.22251892089844 6.652913570404053
v -9.895294189453125 83.43388366699219 6.611824035644531
v -9.796235084533691 83.62348937988281 6.545634746551514
v -9.664578437805176 83.78182983398438 6.457664966583252
v -9.506926536560059 83.90097045898438 6.352325439453125
v -9.331185340881348 83.97492980957031 6.234898567199707
v -8.872836112976074 83.22251892089844 8.0418701171875
v -8.818036079406738 83.43388366699219 7.992202281951904
v -8.729761123657227 83.62348937988281 7.91219425201416
v -8.612438201904297 83.78182983398438 7.805858612060547
v -8.471948623657227 83.90097045898438 7.678526878356934
v -8.315339088439941 83.97492980957031 7.536584377288818
v -7.596813678741455 83.22251892089844 9.256744384765625
v -7.5498948097229 83.43388366699219 9.199573516845703
v -7.4743146896362305 83.62348937988281 9.107479095458984
v -7.373863697052002 83.78182983398438 8.985078811645508
v -7.253579139709473 83.90097045898438 8.83851146697998
v -7.119492053985596 83.97492980957031 8.675126075744629
v -6.156343460083008 83.22251892089844 10.271238327026367
v -6.118320941925049 83.43388366699219 10.207801818847656
v -6.057071685791016 83.62348937988281 10.105613708496094
v -5.975667953491211 83.78182983398438 9.969799995422363
v -5.878190994262695 83.90097045898438 9.807168960571289
v -5.769528865814209 83.97492980957031 9.625877380371094
v -4.582606315612793 83.22251892089844 11.063390731811523
v -4.5543036460876465 83.43388366699219 10.995061874389648
v -4.508711814880371 83.62348937988281 10.884992599487305
v -4.448116779327393 83.78182983398438 10.738704681396484
v -4.375557899475098 83.90097045898438 10.563530921936035
v -4.294672966003418 83.97492980957031 10.368257522583008
v -2.909670114517212 83.22251892089844 11.61605453491211
v -2.8916995525360107 83.43388366699219 11.5443115234375
v -2.8627514839172363 83.62348937988281 11.428744316101074
v -2.824277639389038 83.78182983398438 11.275148391723633
v -2.7782070636749268 83.90097045898438 11.091224670410156
v -2.7268502712249756 83.97492980957031 10.88619613647461
v -1.1737481355667114 83.22251892089844 11.917264938354492
v -1.1664988994598389 83.43388366699219 11.84366226196289
v -1.1548213958740234 83.62348937988281 11.725098609924316
v -0.6065201163291931 83.22251892089844 11.959558486938477
v -1.1393011808395386 83.78182983398438 11.567519187927246
v -0.6027742028236389 83.43388366699219 11.88569450378418
v -1.1207165718078613 83.90097045898438 11.378826141357422
v -0.5967399477958679 83.62348937988281 11.766709327697754
v -1.0999994277954102 83.97492980957031 11.168481826782227
v -0.5887200832366943 83.78182983398438 11.60857105255127
v -0.579116702079773 83.90097045898438 11.419208526611328
v -0.5684113502502441 83.97492980957031 11.20811653137207
v 0.5875818729400635 83.22251892089844 11.960503578186035
v 0.5839528441429138 83.43388366699219 11.88663387298584
v 0.5781070590019226 83.62348937988281 11.767640113830566
v 1.211483359336853 83.22251892089844 11.913488388061523
v 0.5703375935554504 83.78182983398438 11.609488487243652
v 1.2040010690689087 83.43388366699219 11.839908599853516
v 0.561034083366394 83.90097045898438 11.420110702514648
v 1.1919481754302979 83.62348937988281 11.721383094787598
v 0.5506629943847656 83.97492980957031 11.209002494812012
v 1.1759289503097534 83.78182983398438 11.56385326385498
v 1.1567468643188477 83.90097045898438 11.37522029876709
v 2.3361926078796387 83.22251892089844 11.744832992553711
v 1.1353635787963867 83.97492980957031 11.164941787719727
v 2.321763753890991 83.43388366699219 11.672294616699219
v 2.2985212802886963 83.62348937988281 11.55544662475586
v 3.0015459060668945 83.22251892089844 11.592653274536133
v 2.2676303386688232 83.78182983398438 11.400147438049316
v 2.9830079078674316 83.43388366699219 11.521055221557617
v 2.230640172958374 83.90097045898438 11.214184761047363
v 2.953145980834961 83.62348937988281 11.405721664428711
v 2.1894052028656006 83.97492980957031 11.00688362121582
v 2.913457155227661 83.78182983398438 11.252434730529785
v 2.865931987762451 83.90097045898438 11.068881034851074
v 4.034231662750244 83.22251892089844 11.274922370910645
v 2.812953233718872 83.97492980957031 10.864265441894531
v 4.009315490722656 83.43388366699219 11.205286979675293
v 3.969179391860962 83.62348937988281 11.093113899230957
v 3.9158358573913574 83.78182983398438 10.9440279006958
v 4.72238302230835 83.22251892089844 11.004453659057617
v 3.851959466934204 83.90097045898438 10.76550579071045
v 4.693216800689697 83.43388366699219 10.936488151550293
v 3.7807533740997314 83.97492980957031 10.566497802734375
v 4.646234035491943 83.62348937988281 10.827006340026855
v 4.583791255950928 83.78182983398438 10.681496620178223
v 4.509018898010254 83.90097045898438 10.507256507873535
v 5.644941806793213 83.22251892089844 10.560943603515625
v 4.425666809082031 83.97492980957031 10.313023567199707
v 5.610077857971191 83.43388366699219 10.49571704864502
v 5.553916931152344 83.62348937988281 10.390647888183594
v 5.479275226593018 83.78182983398438 10.25100326538086
v 6.334305763244629 83.22251892089844 10.162453651428223
v 5.389895439147949 83.90097045898438 10.083785057067871
v 6.295184135437012 83.43388366699219 10.099688529968262
v 5.290259838104248 83.97492980957031 9.897379875183105
v 6.2321648597717285 83.62348937988281 9.998583793640137
v 6.148407936096191 83.78182983398438 9.864208221435547
v 6.048112869262695 83.90097045898438 9.703299522399902
v 7.133456230163574 83.22251892089844 9.618351936340332
v 5.936309814453125 83.97492980957031 9.523927688598633
v 7.0893988609313965 83.43388366699219 9.558947563171387
v 7.018428802490234 83.62348937988281 9.463255882263184
v 6.924104690551758 83.78182983398438 9.336074829101562
v 7.800138473510742 83.22251892089844 9.086073875427246
v 6.811156749725342 83.90097045898438 9.183781623840332
v 7.7519636154174805 83.43388366699219 9.029956817626953
v 6.685247898101807 83.97492980957031 9.014013290405273
v 7.674360752105713 83.62348937988281 8.939559936523438
v 7.571221351623535 83.78182983398438 8.819416999816895
v 8.46755313873291 83.22251892089844 8.46755313873291
v 7.447717189788818 83.90097045898438 8.675552368164062
v 8.415255546569824 83.43388366699219 8.415255546569824
v 7.310041427612305 83.97492980957031 8.515178680419922
v 8.331012725830078 83.62348937988281 8.331012725830078
v 8.219048500061035 83.78182983398438 8.219048500061035
v 9.086073875427246 83.22251892089844 7.800138473510742
v 8.084977149963379 83.90097045898438 8.084977149963379
v 9.029956817626953 83.43388366699219 7.7519636154174805
v 7.935520648956299 83.97492980957031 7.935520648956299
v 8.939559936523438 83.62348937988281 7.674360752105713
v 8.819416999816895 83.78182983398438 7.571221351623535
v 9.618351936340332 83.22251892089844 7.133456230163574
v 8.675552368164062 83.90097045898438 7.447717189788818
v 9.558947563171387 83.43388366699219 7.0893988609313965
v 8.515178680419922 83.97492980957031 7.310041427612305
v 9.463255882263184 83.62348937988281 7.018428802490234
v 9.336074829101562 83.78182983398438 6.924104690551758
v 9.183781623840332 83.90097045898438 6.811156749725342
v 10.162453651428223 83.22251892089844 6.334305763244629
v 9.014013290405273 83.97492980957031 6.685247898101807
v 10.099688529968262 83.43388366699219 6.295184135437012
v 9.998583793640137 83.62348937988281 6.2321648597717285
v 9.864208221435547 83.78182983398438 6.148407936096191
v 10.560943603515625 83.22251892089844 5.644941806793213
v 9.703299522399902 83.90097045898438 6.048112869262695
v 10.49571704864502 83.43388366699219 5.610077857971191
v 9.523927688598633 83.97492980957031 5.936309814453125
v 10.390647888183594 83.62348937988281 5.553916931152344
v 10.25100326538086 83.78182983398438 5.479275226593018
v 10.083785057067871 83.90097045898438 5.389895439147949
v 11.004453659057617 83.22251892089844 4.72238302230835
v 9.897379875183105 83.97492980957031 5.290259838104248
v 10.936488151550293 83.43388366699219 4.693216800689697
v 10.827006340026855 83.62348937988281 4.646234035491943
v 10.681496620178223 83.78182983398438 4.583791255950928
v 11.274922370910645 83.22251892089844 4.034231662750244
v 10.507256507873535 83.90097045898438 4.509018898010254
v 11.205286979675293 83.43388366699219 4.009315490722656
v 10.313023567199707 83.97492980957031 4.425666809082031
v 11.093113899230957 83.62348937988281 3.969179391860962
v 10.9440279006958 83.78182983398438 3.9158358573913574
v 10.76550579071045 83.90097045898438 3.851959466934204
v 11.592653274536133 83.22251892089844 3.0015459060668945
v 10.566497802734375 83.97492980957031 3.7807533740997314
v 11.521055221557617 83.43388366699219 2.9830079078674316
v 11.405721664428711 83.62348937988281 2.953145980834961
v 11.744832992553711 83.22251892089844 2.3361926078796387
v 11.252434730529785 83.78182983398438 2.913457155227661
v 11.672294616699219 83.43388366699219 2.321763753890991
v 11.068881034851074 83.90097045898438 2.865931987762451
v 11.55544662475586 83.62348937988281 2.2985212802886963
v 10.864265441894531 83.97492980957031 2.812953233718872
v 11.400147438049316 83.78182983398438 2.2676303386688232
v 11.214184761047363 83.90097045898438 2.230640172958374
v 11.913488388061523 83.22251892089844 1.211483359336853
v 11.00688362121582 83.97492980957031 2.1894052028656006
v 11.839908599853516 83.43388366699219 1.2040010690689087
v 11.721383094787598 83.62348937988281 1.1919481754302979
v 11.960503578186035 83.22251892089844 0.5875818729400635
v 11.56385326385498 83.78182983398438 1.1759289503097534
v 11.88663387298584 83.43388366699219 0.5839528441429138
v 11.37522029876709 83.90097045898438 1.1567468643188477
v 11.767640113830566 83.62348937988281 0.5781070590019226
v 11.164941787719727 83.97492980957031 1.1353635787963867
v 11.609488487243652 83.78182983398438 0.5703375935554504
v 11.420110702514648 83.90097045898438 0.561034083366394
v 11.209002494812012 83.97492980957031 0.5506629943847656
v 11.959558486938477 83.22251892089844 -0.6065201163291931
v 11.88569450378418 83.43388366699219 -0.6027742028236389
v 11.766709327697754 83.62348937988281 -0.5967399477958679
v 11.917264938354492 83.22251892089844 -1.1737481355667114
v 11.60857105255127 83.78182983398438 -0.5887200832366943
v 11.84366226196289 83.43388366699219 -1.1664988994598389
v 11.419208526611328 83.90097045898438 -0.579116702079773
v 11.725098609924316 83.62348937988281 -1.1548213958740234
v 11.20811653137207 83.97492980957031 -0.5684113502502441
v 11.567519187927246 83.78182983398438 -1.1393011808395386
v 11.378826141357422 83.90097045898438 -1.1207165718078613
v 11.168481826782227 83.97492980957031 -1.0999994277954102
v 11.7298002243042 83.22251892089844 -2.4105353355407715
v 11.657355308532715 83.43388366699219 -2.3956475257873535
v 11.540657043457031 83.62348937988281 -2.3716652393341064
v 11.3855562210083 83.78182983398438 -2.3397912979125977
v 11.199831008911133 83.90097045898438 -2.301623821258545
v 10.99279499053955 83.97492980957031 -2.2590768337249756
v 11.16015911102295 83.43388366699219 -4.1332688331604
v 11.048437118530273 83.62348937988281 -4.091891765594482
v 10.899951934814453 83.78182983398438 -4.036899089813232
v 10.722148895263672 83.90097045898438 -3.971047878265381
v 10.523942947387695 83.97492980957031 -3.8976404666900635
v 10.405571937561035 83.43388366699219 -5.775563716888428
v 10.30140495300293 83.62348937988281 -5.717745780944824
v 10.162959098815918 83.78182983398438 -5.640902519226074
v 9.997177124023438 83.90097045898438 -5.548886299133301
v 9.812373161315918 83.97492980957031 -5.4463114738464355
v 9.41099739074707 83.43388366699219 -7.284654140472412
v 9.316786766052246 83.62348937988281 -7.211729526519775
v 9.191574096679688 83.78182983398438 -7.114807605743408
v 9.041637420654297 83.90097045898438 -6.998748779296875
v 8.874497413635254 83.97492980957031 -6.869372367858887
v 8.199374198913574 83.43388366699219 -8.625736236572266
v 8.117292404174805 83.62348937988281 -8.539386749267578
v 8.008199691772461 83.78182983398438 -8.42462158203125
v 7.877567768096924 83.90097045898438 -8.287196159362793
v 7.731945514678955 83.97492980957031 -8.134002685546875
v 6.840895652770996 83.22251892089844 -9.828582763671875
v 6.79864501953125 83.43388366699219 -9.7678804397583
v 6.730586051940918 83.62348937988281 -9.670096397399902
v 6.640130043029785 83.78182983398438 -9.540135383605957
v 6.5318145751953125 83.90097045898438 -9.384513854980469
v 6.411069393157959 83.97492980957031 -9.211034774780273
v 5.273688316345215 83.22251892089844 -10.751144409179688
v 5.241117000579834 83.43388366699219 -10.684743881225586
v 5.188649654388428 83.62348937988281 -10.577781677246094
v 5.118916988372803 83.78182983398438 -10.435622215270996
v 5.0354156494140625 83.90097045898438 -10.265392303466797
v 4.942332744598389 83.97492980957031 -10.075630187988281
v 3.5848517417907715 83.22251892089844 -11.425748825073242
v 3.562711238861084 83.43388366699219 -11.355181694030762
v 3.527045965194702 83.62348937988281 -11.241507530212402
v 3.479644298553467 83.78182983398438 -11.090428352355957
v 3.4228830337524414 83.90097045898438 -10.909517288208008
v 3.3596088886260986 83.97492980957031 -10.707847595214844
v 1.813336730003357 83.22251892089844 -11.836836814880371
v 1.8021372556686401 83.43388366699219 -11.763731002807617
v 1.784096598625183 83.62348937988281 -11.645967483520508
v 1.7601191997528076 83.78182983398438 -11.48945140838623
v 1.731407642364502 83.90097045898438 -11.302031517028809
v 1.6994013786315918 83.97492980957031 -11.093106269836426
v -12 83 3.690022378231633e-15
v -11.870118141174316 83 1.7607656717300415
v -11.483283996582031 83 3.4834160804748535
v -10.847871780395508 83 5.1306610107421875
v -9.977635383605957 83 6.666842937469482
v -8.891413688659668 83 8.058707237243652
v -7.612719535827637 83 9.27612590789795
v -6.1692328453063965 83 10.292743682861328
v -4.592201232910156 83 11.086554527282715
v -2.915762186050415 83 11.640375137329102
v -1.1762056350708008 83 11.942216873168945
v 0.5888121128082275 83 11.98554515838623
v 2.3410837650299072 83 11.769423484802246
v 4.042678356170654 83 11.298528671264648
v 5.6567606925964355 83 10.58305549621582
v 7.1483917236328125 83 9.638490676879883
v 8.485280990600586 83 8.485280990600586
v 9.638490676879883 83 7.1483917236328125
v 10.58305549621582 83 5.6567606925964355
v 11.298528671264648 83 4.042678356170654
v 11.769423484802246 83 2.3410837650299072
v 11.98554515838623 83 0.5888121128082275
v 11.942216873168945 83 -1.1762056350708008
v 11.640375137329102 83 -2.915762186050415
v 11.086554527282715 83 -4.592201232910156
v 10.292743682861328 83 -6.1692328453063965
v 9.27612590789795 83 -7.612719535827637
v 8.058707237243652 83 -8.891413688659668
v 6.666842937469482 83 -9.977635383605957
v 5.1306610107421875 83 -10.847871780395508
v 3.4834160804748535 83 -11.483283996582031
v 1.7607656717300415 83 -11.870118141174316
v -3.690022378231633e-15 83 -12
v -12 80.5 3.690022378231633e-15
v -11.897790908813477 80.5 1.5628716945648193
v -11.592905044555664 80.5 3.0991201400756836
v -11.090536117553711 80.5 4.582575798034668
v -10.399242401123047 80.5 5.9879679679870605
v -9.53079891204834 80.5 7.291356086730957
v -8.5 80.5 8.470537185668945
v -8.490190505981445 80.5 8.480369567871094
v -8.480369567871094 80.5 8.490190505981445
v -8.470537185668945 80.5 8.5
v -7.177679061889648 80.5 9.616700172424316
v -5.739348411560059 80.5 10.538495063781738
v -4.184696197509766 80.5 11.246702194213867
v -2.5452311038970947 80.5 11.726968765258789
v -0.8541810512542725 80.5 11.969560623168945
v 0.8541810512542725 80.5 11.969560623168945
v 2.5452311038970947 80.5 11.726968765258789
v 4.184696197509766 80.5 11.246702194213867
v 5.739348411560059 80.5 10.538495063781738
v 7.177679061889648 80.5 9.616700172424316
v 8.470537185668945 80.5 8.5
v 8.5 80.5 8.470537185668945
v 8.490190505981445 80.5 8.480369567871094
v 8.480369567871094 80.5 8.490190505981445
v 9.616700172424316 80.5 7.177679061889648
v 10.538495063781738 80.5 5.739348411560059
v 11.246702194213867 80.5 4.184696197509766
v 11.726968765258789 80.5 2.5452311038970947
v 11.969560623168945 80.5 0.8541810512542725
v 11.969560623168945 80.5 -0.8541810512542725
v 11.726968765258789 80.5 -2.5452311038970947
v 11.246702194213867 80.5 -4.184696197509766
v 10.538495063781738 80.5 -5.739348411560059
v 9.616700172424316 80.5 -7.177679061889648
v 8.5 80.5 -8.470537185668945
v 8.490190505981445 80.5 -8.480369567871094
v 8.480369567871094 80.5 -8.490190505981445
v 8.470537185668945 80.5 -8.5
v 7.177679061889648 80.5 -9.616700172424316
v 5.739348411560059 80.5 -10.538495063781738
v 4.184696197509766 80.5 -11.246702194213867
v 2.5452311038970947 80.5 -11.726968765258789
v 0.8541810512542725 80.5 -11.969560623168945
v -0.8541810512542725 80.5 -11.969560623168945
v -2.5452311038970947 80.5 -11.726968765258789
v -4.184696197509766 80.5 -11.246702194213867
v -5.739348411560059 80.5 -10.538495063781738
v -7.177679061889648 80.5 -9.616700172424316
v -8.470537185668945 80.5 -8.5
v -8.480369567871094 80.5 -8.490190505981445
v -8.490190505981445 80.5 -8.480369567871094
v -8.5 80.5 -8.470537185668945
v -9.53079891204834 80.5 -7.291356086730957
v -10.399242401123047 80.5 -5.9879679679870605
v -11.090536117553711 80.5 -4.582575798034668
v -11.592905044555664 80.5 -3.0991201400756836
v -11.897790908813477 80.5 -1.5628716945648193
v -12 80.5 3.690022378231633e-15
v -12 83 3.690022378231633e-15
v -1.7077780961990356 83 -11.877857208251953
v -3.3807907104492188 83 -11.513916015625
v -4.98498010635376 83 -10.915583610534668
v -6.487689971923828 83 -10.09504222869873
v -7.858328819274902 83 -9.068994522094727
v -9.068994522094727 83 -7.858328819274902
v -10.09504222869873 83 -6.487689971923828
v -10.915583610534668 83 -4.98498010635376
v -11.513916015625 83 -3.3807907104492188
v -11.877857208251953 83 -1.7077780961990356
v -11 84 8.733345908159672e-16
v -10.888035774230957 84 -1.5654631853103638
v -10.554422378540039 84 -3.099058151245117
v -10.005951881408691 84 -4.569565296173096
v -9.253788948059082 84 -5.947049140930176
v -8.31324577331543 84 -7.203467845916748
v -7.203467845916748 84 -8.31324577331543
v -5.947049140930176 84 -9.253788948059082
v -4.569565296173096 84 -10.005951881408691
v -3.099058151245117 84 -10.554422378540039
v -1.5654631853103638 84 -10.888035774230957
v -3.567557507684659e-15 84 -11
v 1.6657055616378784 84 -10.873151779174805
v 3.292994260787964 84 -10.495532035827637
v 4.844335556030273 84 -9.875849723815918
v 6.283950328826904 84 -9.028397560119629
v 7.578636169433594 84 -7.972720623016357
v 8.698533058166504 84 -6.733165740966797
v 9.617813110351562 84 -5.338321685791016
v 10.31527328491211 84 -3.8203577995300293
v 10.774828910827637 84 -2.2142837047576904
v 10.985881805419922 84 -0.5571408867835999
v 10.943562507629395 84 1.1128515005111694
v 10.648848533630371 84 2.7571778297424316
v 10.108535766601562 84 4.33791446685791
v 9.335086822509766 84 5.818603992462158
v 8.346339225769043 84 7.165097236633301
v 7.165097236633301 84 8.346339225769043
v 5.818603992462158 84 9.335086822509766
v 4.33791446685791 84 10.108535766601562
v 2.7571778297424316 84 10.648848533630371
v 1.1128515005111694 84 10.943562507629395
v -0.5571408867835999 84 10.985881805419922
v -2.2142837047576904 84 10.774828910827637
v -3.8203577995300293 84 10.31527328491211
v -5.338321685791016 84 9.617813110351562
v -6.733165740966797 84 8.698533058166504
v -7.972720623016357 84 7.578636169433594
v -9.028397560119629 84 6.283950328826904
v -9.875849723815918 84 4.844335556030273
v -10.495532035827637 84 3.292994260787964
v -10.873151779174805 84 1.6657055616378784
v 4.375 84 1.684663087640249e-15
v 4.247870445251465 84 1.0470060110092163
v 3.8738701343536377 84 2.0331637859344482
v 3.2747344970703125 84 2.9011616706848145
v 2.485283374786377 84 3.6005544662475586
v 1.551396369934082 84 4.090695858001709
v 0.527347981929779 84 4.343101501464844
v -0.527347981929779 84 4.343101501464844
v -1.551396369934082 84 4.090695858001709
v -2.485283374786377 84 3.6005544662475586
v -3.2747344970703125 84 2.9011616706848145
v -3.8738701343536377 84 2.0331637859344482
v -4.247870445251465 84 1.0470060110092163
v -4.375 84 1.494935394279282e-14
v -4.247870445251465 84 -1.0470060110092163
v -3.8738701343536377 84 -2.0331637859344482
v -3.2747344970703125 84 -2.9011616706848145
v -2.485283374786377 84 -3.6005544662475586
v -1.551396369934082 84 -4.090695858001709
v -0.527347981929779 84 -4.343101501464844
v 0.527347981929779 84 -4.343101501464844
v 1.551396369934082 84 -4.090695858001709
v 2.485283374786377 84 -3.6005544662475586
v 3.2747344970703125 84 -2.9011616706848145
v 3.8738701343536377 84 -2.0331637859344482
v 4.247870445251465 84 -1.0470060110092163
v 4 98.25 -4.898587410340671e-16
v 3.8837673664093018 98.25 -0.9572626352310181
v 3.5418241024017334 98.25 -1.8588926792144775
v 2.9940431118011475 98.25 -2.6524906158447266
v 2.272258996963501 98.25 -3.291935443878174
v 1.418419599533081 98.25 -3.740064859390259
v 0.4821467101573944 98.25 -3.9708354473114014
v -0.4821467101573944 98.25 -3.9708354473114014
v -1.418419599533081 98.25 -3.740064859390259
v -2.272258996963501 98.25 -3.291935443878174
v -2.9940431118011475 98.25 -2.6524906158447266
v -3.5418241024017334 98.25 -1.8588926792144775
v -3.8837673664093018 98.25 -0.9572626352310181
v -4 98.25 -1.16378583067114e-14
v -3.8837673664093018 98.25 0.9572626352310181
v -3.5418241024017334 98.25 1.8588926792144775
v -2.9940431118011475 98.25 2.6524906158447266
v -2.272258996963501 98.25 3.291935443878174
v -1.418419599533081 98.25 3.740064859390259
v -0.4821467101573944 98.25 3.9708354473114014
v 0.4821467101573944 98.25 3.9708354473114014
v 1.418419599533081 98.25 3.740064859390259
v 2.272258996963501 98.25 3.291935443878174
v 2.9940431118011475 98.25 2.6524906158447266
v 3.5418241024017334 98.25 1.8588926792144775
v 3.8837673664093018 98.25 0.9572626352310181
v 4 98.25 -4.898587410340671e-16
v 4 95 -4.898587410340671e-16
v 4 95 -4.898587410340671e-16
v 3.8837673664093018 95 0.9572626352310181
v 3.5418241024017334 95 1.8588926792144775
v 2.9940431118011475 95 2.6524906158447266
v 2.272258996963501 95 3.291935443878174
v 1.418419599533081 95 3.740064859390259
v 0.4821467101573944 95 3.9708354473114014
v -0.4821467101573944 95 3.9708354473114014
v -1.418419599533081 95 3.740064859390259
v -2.272258996963501 95 3.291935443878174
v -2.9940431118011475 95 2.6524906158447266
v -3.5418241024017334 95 1.8588926792144775
v -3.8837673664093018 95 0.9572626352310181
v -4 95 1.16378583067114e-14
v -3.8837673664093018 95 -0.9572626352310181
v -3.5418241024017334 95 -1.8588926792144775
v -2.9940431118011475 95 -2.6524906158447266
v -2.272258996963501 95 -3.291935443878174
v -1.418419599533081 95 -3.740064859390259
v -0.4821467101573944 95 -3.9708354473114014
v 0.4821467101573944 95 -3.9708354473114014
v 1.418419599533081 95 -3.740064859390259
v 2.272258996963501 95 -3.291935443878174
v 2.9940431118011475 95 -2.6524906158447266
v 3.5418241024017334 95 -1.8588926792144775
v 3.8837673664093018 95 -0.9572626352310181
v 4 98.25 -4.898587410340671e-16
v 3.8837673664093018 98.25 -0.9572626352310181
v 3.5418241024017334 98.25 -1.8588926792144775
v 2.9940431118011475 98.25 -2.6524906158447266
v 2.272258996963501 98.25 -3.291935443878174
v 1.418419599533081 98.25 -3.740064859390259
v 0.4821467101573944 98.25 -3.9708354473114014
v -0.4821467101573944 98.25 -3.9708354473114014
v -1.418419599533081 98.25 -3.740064859390259
v -2.272258996963501 98.25 -3.291935443878174
v -2.9940431118011475 98.25 -2.6524906158447266
v -3.5418241024017334 98.25 -1.8588926792144775
v -3.8837673664093018 98.25 -0.9572626352310181
v -4 98.25 -1.16378583067114e-14
v -3.8837673664093018 98.25 0.9572626352310181
v -3.5418241024017334 98.25 1.8588926792144775
v -2.9940431118011475 98.25 2.6524906158447266
v -2.272258996963501 98.25 3.291935443878174
v -1.418419599533081 98.25 3.740064859390259
v -0.4821467101573944 98.25 3.9708354473114014
v 0.4821467101573944 98.25 3.9708354473114014
v 1.418419599533081 98.25 3.740064859390259
v 2.272258996963501 98.25 3.291935443878174
v 2.9940431118011475 98.25 2.6524906158447266
v 3.5418241024017334 98.25 1.8588926792144775
v 3.8837673664093018 98.25 0.9572626352310181
v 4.125 95 1.7152791993978742e-15
v 4.0051350593566895 95 -0.9871771335601807
v 3.652506113052368 95 -1.9169831275939941
v 3.087606906890869 95 -2.7353808879852295
v 2.3432669639587402 95 -3.394808530807495
v 1.462745189666748 95 -3.8569419384002686
v 0.49721381068229675 95 -4.094923973083496
v -0.49721381068229675 95 -4.094923973083496
v -1.462745189666748 95 -3.8569419384002686
v -2.3432669639587402 95 -3.394808530807495
v -3.087606906890869 95 -2.7353808879852295
v -3.652506113052368 95 -1.9169831275939941
v -4.0051350593566895 95 -0.9871771335601807
v -4.125 95 -9.781095170727141e-15
v -4.0051350593566895 95 0.9871771335601807
v -3.652506113052368 95 1.9169831275939941
v -3.087606906890869 95 2.7353808879852295
v -2.3432669639587402 95 3.394808530807495
v -1.462745189666748 95 3.8569419384002686
v -0.49721381068229675 95 4.094923973083496
v 0.49721381068229675 95 4.094923973083496
v 1.462745189666748 95 3.8569419384002686
v 2.3432669639587402 95 3.394808530807495
v 3.087606906890869 95 2.7353808879852295
v 3.652506113052368 95 1.9169831275939941
v 4.0051350593566895 95 0.9871771335601807
v 4.125 95 1.7152791993978742e-15
v 4.125 84.5 1.7152791993978742e-15
v 4.0051350593566895 84.5 -0.9871771335601807
v 3.652506113052368 84.5 -1.9169831275939941
v 3.087606906890869 84.5 -2.7353808879852295
v 2.3432669639587402 84.5 -3.394808530807495
v 1.462745189666748 84.5 -3.8569419384002686
v 0.49721381068229675 84.5 -4.094923973083496
v -0.49721381068229675 84.5 -4.094923973083496
v -1.462745189666748 84.5 -3.8569419384002686
v -2.3432669639587402 84.5 -3.394808530807495
v -3.087606906890869 84.5 -2.7353808879852295
v -3.652506113052368 84.5 -1.9169831275939941
v -4.0051350593566895 84.5 -0.9871771335601807
v -4.125 84.5 -9.781095170727141e-15
v -4.0051350593566895 84.5 0.9871771335601807
v -3.652506113052368 84.5 1.9169831275939941
v -3.087606906890869 84.5 2.7353808879852295
v -2.3432669639587402 84.5 3.394808530807495
v -1.462745189666748 84.5 3.8569419384002686
v -0.49721381068229675 84.5 4.094923973083496
v 0.49721381068229675 84.5 4.094923973083496
v 1.462745189666748 84.5 3.8569419384002686
v 2.3432669639587402 84.5 3.394808530807495
v 3.087606906890869 84.5 2.7353808879852295
v 3.652506113052368 84.5 1.9169831275939941
v 4.0051350593566895 84.5 0.9871771335601807
v 4.125 84.5 1.7152791993978742e-15
v 4.125 95 1.7152791993978742e-15
v 4.0051350593566895 95 -0.9871771335601807
v 3.652506113052368 95 -1.9169831275939941
v 3.087606906890869 95 -2.7353808879852295
v 2.3432669639587402 95 -3.394808530807495
v 1.462745189666748 95 -3.8569419384002686
v 0.49721381068229675 95 -4.094923973083496
v -0.49721381068229675 95 -4.094923973083496
v -1.462745189666748 95 -3.8569419384002686
v -2.3432669639587402 95 -3.394808530807495
v -3.087606906890869 95 -2.7353808879852295
v -3.652506113052368 95 -1.9169831275939941
v -4.0051350593566895 95 -0.9871771335601807
v -4.125 95 -9.781095170727141e-15
v -4.0051350593566895 95 0.9871771335601807
v -3.652506113052368 95 1.9169831275939941
v -3.087606906890869 95 2.7353808879852295
v -2.3432669639587402 95 3.394808530807495
v -1.462745189666748 95 3.8569419384002686
v -0.49721381068229675 95 4.094923973083496
v 0.49721381068229675 95 4.094923973083496
v 1.462745189666748 95 3.8569419384002686
v 2.3432669639587402 95 3.394808530807495
v 3.087606906890869 95 2.7353808879852295
v 3.652506113052368 95 1.9169831275939941
v 4.0051350593566895 95 0.9871771335601807
v 4 95 -4.898587410340671e-16
v 3.8837673664093018 95 0.9572626352310181
v 3.5418241024017334 95 1.8588926792144775
v 2.9940431118011475 95 2.6524906158447266
v 2.272258996963501 95 3.291935443878174
v 1.418419599533081 95 3.740064859390259
v 0.4821467101573944 95 3.9708354473114014
v -0.4821467101573944 95 3.9708354473114014
v -1.418419599533081 95 3.740064859390259
v -2.272258996963501 95 3.291935443878174
v -2.9940431118011475 95 2.6524906158447266
v -3.5418241024017334 95 1.8588926792144775
v -3.8837673664093018 95 0.9572626352310181
v -4 95 1.16378583067114e-14
v -3.8837673664093018 95 -0.9572626352310181
v -3.5418241024017334 95 -1.8588926792144775
v -2.9940431118011475 95 -2.6524906158447266
v -2.272258996963501 95 -3.291935443878174
v -1.418419599533081 95 -3.740064859390259
v -0.4821467101573944 95 -3.9708354473114014
v 0.4821467101573944 95 -3.9708354473114014
v 1.418419599533081 95 -3.740064859390259
v 2.272258996963501 95 -3.291935443878174
v 2.9940431118011475 95 -2.6524906158447266
v 3.5418241024017334 95 -1.8588926792144775
v 3.8837673664093018 95 -0.9572626352310181
v -12.65283489227295 41.5 12.690082550048828
v -8.690082550048828 41.5 12.690082550048828
v -14.958459854125977 20 15
v -11 20 15
v -8.690082550048828 41.5 12.690082550048828
v -8.690082550048828 41.5 8.690082550048828
v -11 20 15
v -11 20 11
v -6.541322231292725 61.5 6.541322231292725
v -6.541322231292725 61.5 10.541322708129883
v -4.5 80.5 4.5
v -4.5 80.5 8.5
v -12.690082550048828 41.5 12.679612159729004
v -12.65283489227295 41.5 12.690082550048828
v -15 20 15
v -14.958459854125977 20 15
v -14.203289031982422 27.16666603088379 14.228865623474121
v -14.216659545898438 27.16666603088379 14.227702140808105
v -13.447164535522461 34.33333206176758 13.455404281616211
v -13.434271812438965 34.33333206176758 13.457731246948242
v -8.690082550048828 41.5 8.690082550048828
v -12.690082550048828 41.5 8.690082550048828
v -11 20 11
v -15 20 11
v -10.541322708129883 61.5 6.541322231292725
v -6.541322231292725 61.5 6.541322231292725
v -8.5 80.5 4.5
v -4.5 80.5 4.5
v -12.690082550048828 41.5 8.690082550048828
v -12.690082550048828 41.5 12.679612159729004
v -15 20 11
v -15 20 15
v -10.541322708129883 61.5 10.521112442016602
v -10.541322708129883 61.5 6.541322231292725
v -8.5 80.5 8.470537185668945
v -8.5 80.5 4.5
v -10.508066177368164 61.5 10.541322708129883
v -10.541322708129883 61.5 10.521112442016602
v -8.470537185668945 80.5 8.5
v -8.5 80.5 8.470537185668945
v -8.490190505981445 80.5 8.480369567871094
v -8.480369567871094 80.5 8.490190505981445
v -9.850226402282715 67.83333587646484 9.84536075592041
v -9.839563369750977 67.83333587646484 9.85312557220459
v -9.170208930969238 74.16666412353516 9.16286563873291
v -9.159966468811035 74.16666412353516 9.171658515930176
v -6.541322231292725 61.5 10.541322708129883
v -10.508066177368164 61.5 10.541322708129883
v -4.5 80.5 8.5
v -8.470537185668945 80.5 8.5
v -8.470537185668945 80.5 8.5
v -7.177679061889648 80.5 9.616700172424316
v -5.739348411560059 80.5 10.538495063781738
v -4.184696197509766 80.5 11.246702194213867
v -2.5452311038970947 80.5 11.726968765258789
v -0.8541810512542725 80.5 11.969560623168945
v 0.8541810512542725 80.5 11.969560623168945
v 2.5452311038970947 80.5 11.726968765258789
v 4.184696197509766 80.5 11.246702194213867
v 5.739348411560059 80.5 10.538495063781738
v 7.177679061889648 80.5 9.616700172424316
v 8.470537185668945 80.5 8.5
v 4.5 80.5 8.5
v 4.5 80.5 4.5
v 8.5 80.5 4.5
v 8.5 80.5 8.470537185668945
v 9.616700172424316 80.5 7.177679061889648
v 10.538495063781738 80.5 5.739348411560059
v 11.246702194213867 80.5 4.184696197509766
v 11.726968765258789 80.5 2.5452311038970947
v 11.969560623168945 80.5 0.8541810512542725
v 11.969560623168945 80.5 -0.8541810512542725
v 11.726968765258789 80.5 -2.5452311038970947
v 11.246702194213867 80.5 -4.184696197509766
v 10.538495063781738 80.5 -5.739348411560059
v 9.616700172424316 80.5 -7.177679061889648
v 8.5 80.5 -8.470537185668945
v 8.5 80.5 -4.5
v 4.5 80.5 -4.5
v 4.5 80.5 -8.5
v 8.470537185668945 80.5 -8.5
v 7.177679061889648 80.5 -9.616700172424316
v 5.739348411560059 80.5 -10.538495063781738
v 4.184696197509766 80.5 -11.246702194213867
v 2.5452311038970947 80.5 -11.726968765258789
v 0.8541810512542725 80.5 -11.969560623168945
v -0.8541810512542725 80.5 -11.969560623168945
v -2.5452311038970947 80.5 -11.726968765258789
v -4.184696197509766 80.5 -11.246702194213867
v -5.739348411560059 80.5 -10.538495063781738
v -7.177679061889648 80.5 -9.616700172424316
v -8.470537185668945 80.5 -8.5
v -4.5 80.5 -8.5
v -4.5 80.5 -4.5
v -8.5 80.5 -4.5
v -8.5 80.5 -8.470537185668945
v -9.53079891204834 80.5 -7.291356086730957
v -10.399242401123047 80.5 -5.9879679679870605
v -11.090536117553711 80.5 -4.582575798034668
v -11.592905044555664 80.5 -3.0991201400756836
v -11.897790908813477 80.5 -1.5628716945648193
v -12 80.5 3.690022378231633e-15
v -11.897790908813477 80.5 1.5628716945648193
v -11.592905044555664 80.5 3.0991201400756836
v -11.090536117553711 80.5 4.582575798034668
v -10.399242401123047 80.5 5.9879679679870605
v -9.53079891204834 80.5 7.291356086730957
v -8.5 80.5 8.470537185668945
v -8.5 80.5 4.5
v -4.5 80.5 4.5
v -4.5 80.5 8.5
v 2.5 80.5 3.0616169991140216e-16
v 2.427354574203491 80.5 0.5982891321182251
v 2.213639974594116 80.5 1.161807894706726
v 1.87127685546875 80.5 1.657806634902954
v 1.4201618432998657 80.5 2.057459592819214
v 0.8865122199058533 80.5 2.337540626525879
v 0.301341712474823 80.5 2.4817721843719482
v -0.301341712474823 80.5 2.4817721843719482
v -0.8865122199058533 80.5 2.337540626525879
v -1.4201618432998657 80.5 2.057459592819214
v -1.87127685546875 80.5 1.657806634902954
v -2.213639974594116 80.5 1.161807894706726
v -2.427354574203491 80.5 0.5982891321182251
v -2.5 80.5 7.273661653452862e-15
v -2.427354574203491 80.5 -0.5982891321182251
v -2.213639974594116 80.5 -1.161807894706726
v -1.87127685546875 80.5 -1.657806634902954
v -1.4201618432998657 80.5 -2.057459592819214
v -0.8865122199058533 80.5 -2.337540626525879
v -0.301341712474823 80.5 -2.4817721843719482
v 0.301341712474823 80.5 -2.4817721843719482
v 0.8865122199058533 80.5 -2.337540626525879
v 1.4201618432998657 80.5 -2.057459592819214
v 1.87127685546875 80.5 -1.657806634902954
v 2.213639974594116 80.5 -1.161807894706726
v 2.427354574203491 80.5 -0.5982891321182251
v 12.65283489227295 41.5 -12.690082550048828
v 8.690082550048828 41.5 -12.690082550048828
v 14.958459854125977 20 -15
v 11 20 -15
v 8.690082550048828 41.5 -12.690082550048828
v 8.690082550048828 41.5 -8.690082550048828
v 11 20 -15
v 11 20 -11
v 6.541322231292725 61.5 -6.541322231292725
v 6.541322231292725 61.5 -10.541322708129883
v 4.5 80.5 -4.5
v 4.5 80.5 -8.5
v 12.690082550048828 41.5 -12.679612159729004
v 12.65283489227295 41.5 -12.690082550048828
v 15 20 -15
v 14.958459854125977 20 -15
v 14.203289031982422 27.16666603088379 -14.228865623474121
v 14.216659545898438 27.16666603088379 -14.227702140808105
v 13.447164535522461 34.33333206176758 -13.455404281616211
v 13.434271812438965 34.33333206176758 -13.457731246948242
v 8.690082550048828 41.5 -8.690082550048828
v 12.690082550048828 41.5 -8.690082550048828
v 11 20 -11
v 15 20 -11
v 10.541322708129883 61.5 -6.541322231292725
v 6.541322231292725 61.5 -6.541322231292725
v 8.5 80.5 -4.5
v 4.5 80.5 -4.5
v 12.690082550048828 41.5 -8.690082550048828
v 12.690082550048828 41.5 -12.679612159729004
v 15 20 -11
v 15 20 -15
v 10.541322708129883 61.5 -10.521112442016602
v 10.541322708129883 61.5 -6.541322231292725
v 8.5 80.5 -8.470537185668945
v 8.5 80.5 -4.5
v 10.508066177368164 61.5 -10.541322708129883
v 10.541322708129883 61.5 -10.521112442016602
v 8.470537185668945 80.5 -8.5
v 8.5 80.5 -8.470537185668945
v 8.490190505981445 80.5 -8.480369567871094
v 8.480369567871094 80.5 -8.490190505981445
v 9.850226402282715 67.83333587646484 -9.84536075592041
v 9.839563369750977 67.83333587646484 -9.85312557220459
v 9.170208930969238 74.16666412353516 -9.16286563873291
v 9.159966468811035 74.16666412353516 -9.171658515930176
v 6.541322231292725 61.5 -10.541322708129883
v 10.508066177368164 61.5 -10.541322708129883
v 4.5 80.5 -8.5
v 8.470537185668945 80.5 -8.5
v -14.958459854125977 20 -15
v -12.65283489227295 41.5 -12.690082550048828
v -11 20 -15
v -8.690082550048828 41.5 -12.690082550048828
v -15 20 -15
v -12.690082550048828 41.5 -12.679612159729004
v -14.958459854125977 20 -15
v -12.65283489227295 41.5 -12.690082550048828
v -14.203289031982422 27.16666603088379 -14.228865623474121
v -14.216659545898438 27.16666603088379 -14.227702140808105
v -13.447164535522461 34.33333206176758 -13.455404281616211
v -13.434271812438965 34.33333206176758 -13.457731246948242
v -10.508066177368164 61.5 -10.541322708129883
v -8.470537185668945 80.5 -8.5
v -8.480369567871094 80.5 -8.490190505981445
v -8.490190505981445 80.5 -8.480369567871094
v -8.5 80.5 -8.470537185668945
v -10.541322708129883 61.5 -10.521112442016602
v -9.839563369750977 67.83333587646484 -9.85312557220459
v -9.850226402282715 67.83333587646484 -9.84536075592041
v -9.170208930969238 74.16666412353516 -9.16286563873291
v -9.159966468811035 74.16666412353516 -9.171658515930176
v -11 20 -15
v -8.690082550048828 41.5 -12.690082550048828
v -11 20 -11
v -8.690082550048828 41.5 -8.690082550048828
v -15 20 -11
v -12.690082550048828 41.5 -8.690082550048828
v -15 20 -15
v -12.690082550048828 41.5 -12.679612159729004
v -10.541322708129883 61.5 -10.521112442016602
v -8.5 80.5 -8.470537185668945
v -8.5 80.5 -4.5
v -10.541322708129883 61.5 -6.541322231292725
v -11 20 -11
v -8.690082550048828 41.5 -8.690082550048828
v -15 20 -11
v -12.690082550048828 41.5 -8.690082550048828
v -10.541322708129883 61.5 -6.541322231292725
v -8.5 80.5 -4.5
v -4.5 80.5 -4.5
v -6.541322231292725 61.5 -6.541322231292725
v -6.541322231292725 61.5 -10.541322708129883
v -4.5 80.5 -8.5
v -8.470537185668945 80.5 -8.5
v -10.508066177368164 61.5 -10.541322708129883
v -6.541322231292725 61.5 -6.541322231292725
v -4.5 80.5 -4.5
v -4.5 80.5 -8.5
v -6.541322231292725 61.5 -10.541322708129883
v 2.5 41.5 -3.0616169991140216e-16
v 2.427354574203491 41.5 -0.5982891321182251
v 2.213639974594116 41.5 -1.161807894706726
v 1.87127685546875 41.5 -1.657806634902954
v 1.4201618432998657 41.5 -2.057459592819214
v 0.8865122199058533 41.5 -2.337540626525879
v 0.301341712474823 41.5 -2.4817721843719482
v -0.301341712474823 41.5 -2.4817721843719482
v -0.8865122199058533 41.5 -2.337540626525879
v -1.4201618432998657 41.5 -2.057459592819214
v -1.87127685546875 41.5 -1.657806634902954
v -2.213639974594116 41.5 -1.161807894706726
v -2.427354574203491 41.5 -0.5982891321182251
v -2.5 41.5 -7.273661653452862e-15
v -2.427354574203491 41.5 0.5982891321182251
v -2.213639974594116 41.5 1.161807894706726
v -1.87127685546875 41.5 1.657806634902954
v -1.4201618432998657 41.5 2.057459592819214
v -0.8865122199058533 41.5 2.337540626525879
v -0.301341712474823 41.5 2.4817721843719482
v 0.301341712474823 41.5 2.4817721843719482
v 0.8865122199058533 41.5 2.337540626525879
v 1.4201618432998657 41.5 2.057459592819214
v 1.87127685546875 41.5 1.657806634902954
v 2.213639974594116 41.5 1.161807894706726
v 2.427354574203491 41.5 0.5982891321182251
v 2.5 41.5 -3.0616169991140216e-16
v 2.5 20 -3.0616169991140216e-16
v 2.5 20 -3.0616169991140216e-16
v 2.427354574203491 20 0.5982891321182251
v 2.213639974594116 20 1.161807894706726
v 1.87127685546875 20 1.657806634902954
v 1.4201618432998657 20 2.057459592819214
v 0.8865122199058533 20 2.337540626525879
v 0.301341712474823 20 2.4817721843719482
v -0.301341712474823 20 2.4817721843719482
v -0.8865122199058533 20 2.337540626525879
v -1.4201618432998657 20 2.057459592819214
v -1.87127685546875 20 1.657806634902954
v -2.213639974594116 20 1.161807894706726
v -2.427354574203491 20 0.5982891321182251
v -2.5 20 7.273661653452862e-15
v -2.427354574203491 20 -0.5982891321182251
v -2.213639974594116 20 -1.161807894706726
v -1.87127685546875 20 -1.657806634902954
v -1.4201618432998657 20 -2.057459592819214
v -0.8865122199058533 20 -2.337540626525879
v -0.301341712474823 20 -2.4817721843719482
v 0.301341712474823 20 -2.4817721843719482
v 0.8865122199058533 20 -2.337540626525879
v 1.4201618432998657 20 -2.057459592819214
v 1.87127685546875 20 -1.657806634902954
v 2.213639974594116 20 -1.161807894706726
v 2.427354574203491 20 -0.5982891321182251
v 2.5 80.5 3.0616169991140216e-16
v 2.427354574203491 80.5 0.5982891321182251
v 2.213639974594116 80.5 1.161807894706726
v 1.87127685546875 80.5 1.657806634902954
v 1.4201618432998657 80.5 2.057459592819214
v 0.8865122199058533 80.5 2.337540626525879
v 0.301341712474823 80.5 2.4817721843719482
v -0.301341712474823 80.5 2.4817721843719482
v -0.8865122199058533 80.5 2.337540626525879
v -1.4201618432998657 80.5 2.057459592819214
v -1.87127685546875 80.5 1.657806634902954
v -2.213639974594116 80.5 1.161807894706726
v -2.427354574203491 80.5 0.5982891321182251
v -2.5 80.5 7.273661653452862e-15
v -2.427354574203491 80.5 -0.5982891321182251
v -2.213639974594116 80.5 -1.161807894706726
v -1.87127685546875 80.5 -1.657806634902954
v -1.4201618432998657 80.5 -2.057459592819214
v -0.8865122199058533 80.5 -2.337540626525879
v -0.301341712474823 80.5 -2.4817721843719482
v 0.301341712474823 80.5 -2.4817721843719482
v 0.8865122199058533 80.5 -2.337540626525879
v 1.4201618432998657 80.5 -2.057459592819214
v 1.87127685546875 80.5 -1.657806634902954
v 2.213639974594116 80.5 -1.161807894706726
v 2.427354574203491 80.5 -0.5982891321182251
v 2.5 80.5 3.0616169991140216e-16
v 2.5 61.5 3.0616169991140216e-16
v 2.5 61.5 3.0616169991140216e-16
v 2.427354574203491 61.5 0.5982891321182251
v 2.213639974594116 61.5 1.161807894706726
v 1.87127685546875 61.5 1.657806634902954
v 1.4201618432998657 61.5 2.057459592819214
v 0.8865122199058533 61.5 2.337540626525879
v 0.301341712474823 61.5 2.4817721843719482
v -0.301341712474823 61.5 2.4817721843719482
v -0.8865122199058533 61.5 2.337540626525879
v -1.4201618432998657 61.5 2.057459592819214
v -1.87127685546875 61.5 1.657806634902954
v -2.213639974594116 61.5 1.161807894706726
v -2.427354574203491 61.5 0.5982891321182251
v -2.5 61.5 7.273661653452862e-15
v -2.427354574203491 61.5 -0.5982891321182251
v -2.213639974594116 61.5 -1.161807894706726
v -1.87127685546875 61.5 -1.657806634902954
v -1.4201618432998657 61.5 -2.057459592819214
v -0.8865122199058533 61.5 -2.337540626525879
v -0.301341712474823 61.5 -2.4817721843719482
v 0.301341712474823 61.5 -2.4817721843719482
v 0.8865122199058533 61.5 -2.337540626525879
v 1.4201618432998657 61.5 -2.057459592819214
v 1.87127685546875 61.5 -1.657806634902954
v 2.213639974594116 61.5 -1.161807894706726
v 2.427354574203491 61.5 -0.5982891321182251
v -22.5 0 2.7554553521421787e-15
v -22.372533798217773 0 2.391603469848633
v -21.9915771484375 0 4.756109237670898
v -21.361446380615234 0 7.066726207733154
v -20.489282608032227 0 9.297274589538574
v -19.384965896606445 0 11.422480583190918
v -18.061012268066406 0 13.418265342712402
v -16.532419204711914 0 15.262016296386719
v -14.816506385803223 0 16.932842254638672
v -12.932716369628906 0 18.41181182861328
v -10.90239429473877 0 19.68216896057129
v -8.748543739318848 0 20.72951889038086
v -6.495568752288818 0 21.541996002197266
v -4.168996334075928 0 22.110393524169922
v -1.7951873540878296 0 22.42827033996582
v 0.5989617109298706 0 22.49202537536621
v 2.9863243103027344 0 22.300939559936523
v 5.339850902557373 0 21.8571720123291
v 7.632874488830566 0 21.165756225585938
v 9.839414596557617 0 20.23452377319336
v 11.934470176696777 0 19.074024200439453
v 13.894304275512695 0 17.697410583496094
v 15.696709632873535 0 16.120277404785156
v 17.321264266967773 0 14.360493659973145
v 18.749563217163086 0 12.43800163269043
v 19.965421676635742 0 10.374581336975098
v 20.95506477355957 0 8.193613052368164
v 21.707277297973633 0 5.9198079109191895
v 22.213537216186523 0 3.5789287090301514
v 22.468111038208008 0 1.1974989175796509
v 22.468111038208008 0 -1.1974989175796509
v 22.213537216186523 0 -3.5789287090301514
v 21.707277297973633 0 -5.9198079109191895
v 20.95506477355957 0 -8.193613052368164
v 19.965421676635742 0 -10.374581336975098
v 18.749563217163086 0 -12.43800163269043
v 17.321264266967773 0 -14.360493659973145
v 15.696709632873535 0 -16.120277404785156
v 13.894304275512695 0 -17.697410583496094
v 11.934470176696777 0 -19.074024200439453
v 9.839414596557617 0 -20.23452377319336
v 7.632874488830566 0 -21.165756225585938
v 5.339850902557373 0 -21.8571720123291
v 2.9863243103027344 0 -22.300939559936523
v 0.5989617109298706 0 -22.49202537536621
v -1.7951873540878296 0 -22.42827033996582
v -4.168996334075928 0 -22.110393524169922
v -6.495568752288818 0 -21.541996002197266
v -8.748543739318848 0 -20.72951889038086
v -10.90239429473877 0 -19.68216896057129
v -12.932716369628906 0 -18.41181182861328
v -14.816506385803223 0 -16.932842254638672
v -16.532419204711914 0 -15.262016296386719
v -18.061012268066406 0 -13.418265342712402
v -19.384965896606445 0 -11.422480583190918
v -20.489282608032227 0 -9.297274589538574
v -21.361446380615234 0 -7.066726207733154
v -21.9915771484375 0 -4.756109237670898
v -22.372533798217773 0 -2.391603469848633
v 15 20 15
v 12.679612159729004 41.5 12.690082550048828
v 11 20 15
v 8.690082550048828 41.5 12.690082550048828
v 15 20 14.958459854125977
v 12.690082550048828 41.5 12.65283489227295
v 15 20 15
v 12.679612159729004 41.5 12.690082550048828
v 14.228865623474121 27.16666603088379 14.203289031982422
v 14.227702140808105 27.16666603088379 14.216659545898438
v 13.457731246948242 34.33333206176758 13.434271812438965
v 13.455404281616211 34.33333206176758 13.447164535522461
v 10.521112442016602 61.5 10.541322708129883
v 8.470537185668945 80.5 8.5
v 8.5 80.5 8.470537185668945
v 8.490190505981445 80.5 8.480369567871094
v 8.480369567871094 80.5 8.490190505981445
v 10.541322708129883 61.5 10.508066177368164
v 9.84536075592041 67.83333587646484 9.850226402282715
v 9.85312557220459 67.83333587646484 9.839563369750977
v 9.171658515930176 74.16666412353516 9.159966468811035
v 9.16286563873291 74.16666412353516 9.170208930969238
v 11 20 15
v 8.690082550048828 41.5 12.690082550048828
v 11 20 11
v 8.690082550048828 41.5 8.690082550048828
v 15 20 11
v 12.690082550048828 41.5 8.690082550048828
v 15 20 14.958459854125977
v 12.690082550048828 41.5 12.65283489227295
v 10.541322708129883 61.5 10.508066177368164
v 8.5 80.5 8.470537185668945
v 8.5 80.5 4.5
v 10.541322708129883 61.5 6.541322231292725
v 11 20 11
v 8.690082550048828 41.5 8.690082550048828
v 15 20 11
v 12.690082550048828 41.5 8.690082550048828
v 10.541322708129883 61.5 6.541322231292725
v 8.5 80.5 4.5
v 4.5 80.5 4.5
v 6.541322231292725 61.5 6.541322231292725
v 6.541322231292725 61.5 10.541322708129883
v 4.5 80.5 8.5
v 8.470537185668945 80.5 8.5
v 10.521112442016602 61.5 10.541322708129883
v 6.541322231292725 61.5 6.541322231292725
v 4.5 80.5 4.5
v 4.5 80.5 8.5
v 6.541322231292725 61.5 10.541322708129883
v -10.619999885559082 61.5 -10.625
v 10.619999885559082 61.5 -10.625
v -10.619999885559082 61.5 10.625
v 10.619999885559082 61.5 10.625
v -10.541322708129883 61.5 10.521112442016602
v -10.541322708129883 61.5 6.541322231292725
v -6.541322231292725 61.5 6.541322231292725
v -6.541322231292725 61.5 10.541322708129883
v -10.508066177368164 61.5 10.541322708129883
v 10.541322708129883 61.5 -10.521112442016602
v 10.541322708129883 61.5 -6.541322231292725
v 6.541322231292725 61.5 -6.541322231292725
v 6.541322231292725 61.5 -10.541322708129883
v 10.508066177368164 61.5 -10.541322708129883
v -6.541322231292725 61.5 -6.541322231292725
v -10.541322708129883 61.5 -6.541322231292725
v -10.541322708129883 61.5 -10.521112442016602
v -10.508066177368164 61.5 -10.541322708129883
v -6.541322231292725 61.5 -10.541322708129883
v 2.5 61.5 3.0616169991140216e-16
v 2.427354574203491 61.5 0.5982891321182251
v 2.213639974594116 61.5 1.161807894706726
v 1.87127685546875 61.5 1.657806634902954
v 1.4201618432998657 61.5 2.057459592819214
v 0.8865122199058533 61.5 2.337540626525879
v 0.301341712474823 61.5 2.4817721843719482
v -0.301341712474823 61.5 2.4817721843719482
v -0.8865122199058533 61.5 2.337540626525879
v -1.4201618432998657 61.5 2.057459592819214
v -1.87127685546875 61.5 1.657806634902954
v -2.213639974594116 61.5 1.161807894706726
v -2.427354574203491 61.5 0.5982891321182251
v -2.5 61.5 7.273661653452862e-15
v -2.427354574203491 61.5 -0.5982891321182251
v -2.213639974594116 61.5 -1.161807894706726
v -1.87127685546875 61.5 -1.657806634902954
v -1.4201618432998657 61.5 -2.057459592819214
v -0.8865122199058533 61.5 -2.337540626525879
v -0.301341712474823 61.5 -2.4817721843719482
v 0.301341712474823 61.5 -2.4817721843719482
v 0.8865122199058533 61.5 -2.337540626525879
v 1.4201618432998657 61.5 -2.057459592819214
v 1.87127685546875 61.5 -1.657806634902954
v 2.213639974594116 61.5 -1.161807894706726
v 2.427354574203491 61.5 -0.5982891321182251
v 6.541322231292725 61.5 6.541322231292725
v 10.541322708129883 61.5 6.541322231292725
v 10.541322708129883 61.5 10.508066177368164
v 10.521112442016602 61.5 10.541322708129883
v 6.541322231292725 61.5 10.541322708129883
v -13 41.5 13
v -13 41.5 -13
v 13 41.5 13
v 13 41.5 -13
v -8.690082550048828 41.5 8.690082550048828
v -12.690082550048828 41.5 8.690082550048828
v -8.690082550048828 41.5 12.690082550048828
v -12.65283489227295 41.5 12.690082550048828
v -12.690082550048828 41.5 12.679612159729004
v 8.690082550048828 41.5 -8.690082550048828
v 12.690082550048828 41.5 -8.690082550048828
v 8.690082550048828 41.5 -12.690082550048828
v 12.65283489227295 41.5 -12.690082550048828
v 12.690082550048828 41.5 -12.679612159729004
v -12.690082550048828 41.5 -12.679612159729004
v -12.690082550048828 41.5 -8.690082550048828
v -12.65283489227295 41.5 -12.690082550048828
v -8.690082550048828 41.5 -12.690082550048828
v -8.690082550048828 41.5 -8.690082550048828
v 2.5 41.5 -3.0616169991140216e-16
v 2.427354574203491 41.5 -0.5982891321182251
v 2.213639974594116 41.5 -1.161807894706726
v 1.87127685546875 41.5 -1.657806634902954
v 1.4201618432998657 41.5 -2.057459592819214
v 0.8865122199058533 41.5 -2.337540626525879
v 0.301341712474823 41.5 -2.4817721843719482
v -0.301341712474823 41.5 -2.4817721843719482
v -0.8865122199058533 41.5 -2.337540626525879
v -1.4201618432998657 41.5 -2.057459592819214
v -1.87127685546875 41.5 -1.657806634902954
v -2.213639974594116 41.5 -1.161807894706726
v -2.427354574203491 41.5 -0.5982891321182251
v -2.5 41.5 -7.273661653452862e-15
v -2.427354574203491 41.5 0.5982891321182251
v -2.213639974594116 41.5 1.161807894706726
v -1.87127685546875 41.5 1.657806634902954
v -1.4201618432998657 41.5 2.057459592819214
v -0.8865122199058533 41.5 2.337540626525879
v -0.301341712474823 41.5 2.4817721843719482
v 0.301341712474823 41.5 2.4817721843719482
v 0.8865122199058533 41.5 2.337540626525879
v 1.4201618432998657 41.5 2.057459592819214
v 1.87127685546875 41.5 1.657806634902954
v 2.213639974594116 41.5 1.161807894706726
v 2.427354574203491 41.5 0.5982891321182251
v 12.690082550048828 41.5 12.65283489227295
v 12.690082550048828 41.5 8.690082550048828
v 12.679612159729004 41.5 12.690082550048828
v 8.690082550048828 41.5 12.690082550048828
v 8.690082550048828 41.5 8.690082550048828
v 13 41.5 -13
v 10.619999885559082 61.5 -10.625
v -10.619999885559082 61.5 -10.625
v -13 41.5 -13
v 13 41.5 13
v 10.619999885559082 61.5 10.625
v 10.619999885559082 61.5 -10.625
v 13 41.5 -13
v -13 41.5 13
v -10.619999885559082 61.5 10.625
v 10.619999885559082 61.5 10.625
v 13 41.5 13
v -13 41.5 -13
v -10.619999885559082 61.5 -10.625
v -10.619999885559082 61.5 10.625
v -13 41.5 13
vn 0.9927088733532464 0 -0.12053668638936571
vn 0.9798256608752107 -4.691064268304724e-16 -0.19985413253284684
vn 0.9035254831583114 4.925818523341006e-16 -0.42853436418044694
vn 0.7747157022179396 6.50445583642555e-16 -0.6323097189961298
vn 0.6008822318232951 1.1167014495631418e-15 -0.7993375654121704
vn 0.39212764495633967 7.814235458028821e-16 -0.9199108163626487
vn 0.1605840923081226 8.189223598110111e-16 -0.9870221625159064
vn -0.08029204498760399 1.1345550895301836e-15 -0.9967713817680103
vn -0.3165019103318308 1.9135378176412518e-15 -0.9485918725965882
vn -0.5343177877283941 1.862872348099493e-15 -0.845283681208288
vn -0.7210811270575795 1.8733634719051392e-15 -0.6928506391722322
vn -0.865937877998029 1.6632989904792277e-15 -0.5001515684752678
vn -0.9604693817161299 2.0622868224243502e-15 -0.2783856440009705
vn -0.999181932693118 2.1436553266238093e-15 -0.04044088747351351
vn -0.9798256608752107 1.8781902886829417e-15 0.19985413253284684
vn -0.9035254831583114 2.3828870935121268e-15 0.42853436418044694
vn -0.7747157022179396 2.268460478607793e-15 0.6323097189961298
vn -0.6008822318232951 2.3465864060847997e-15 0.7993375654121704
vn -0.39212764495633967 2.0357194482196095e-15 0.9199108163626487
vn -0.1605840923081226 2.576125562649885e-15 0.9870221625159064
vn 0.08029204498760399 2.9269049456013737e-15 0.9967713817680103
vn 0.3165019103318308 3.0301076420669137e-15 0.9485918725965882
vn 0.5343177877283941 1.926975801099775e-15 0.845283681208288
vn 0.7210811270575795 1.633023276489669e-15 0.6928506391722322
vn 0.8854560143001997 5.644320968421765e-16 0.46472319367512127
vn 0.9709418166215136 6.712736993073308e-16 0.2393156675516985
vn 0.9927088733532464 1.052647454564489e-15 0.12053668638936571
vn 0.9927088733532464 -1.0675277060381392e-15 -0.12053668638936571
vn 0.9927088733532464 0 0.12053668638936571
vn 0.9709418166215136 8.407105658267101e-16 0.2393156675516985
vn 0.8854560143001997 -3.9071252372003377e-16 0.46472319367512127
vn 0.7747157022179396 -6.421669485210818e-16 0.6323097189961298
vn 0.6008822318232951 -1.1371678831387116e-15 0.7993375654121704
vn 0.39212764495633967 -7.995945206535126e-16 0.9199108163626487
vn 0.1605840923081226 -8.415373454329616e-16 0.9870221625159064
vn -0.08029204498760399 -1.1542515699036141e-15 0.9967713817680103
vn -0.3165019103318308 -1.939486036285668e-15 0.9485918725965882
vn -0.5343177877283941 -1.833494069320443e-15 0.845283681208288
vn -0.7210811270575795 -1.918606465568254e-15 0.6928506391722322
vn -0.8659378114582603 -1.635086321960497e-15 0.50015168367894
vn -0.9604693896847011 -2.0253566256058586e-15 0.27838561650828453
vn -0.999181932693118 -2.1586374337332105e-15 0.04044088747351351
vn -0.9798256579572323 -1.868589800078928e-15 -0.19985414683883038
vn -0.9035254831583114 -2.3489458476100244e-15 -0.42853436418044694
vn -0.7747157022179396 -2.290649988413427e-15 -0.6323097189961298
vn -0.6008822318232951 -2.3736128980746227e-15 -0.7993375654121704
vn -0.39212764495633967 -2.015584839179608e-15 -0.9199108163626487
vn -0.1605840923081226 -2.6247215369505764e-15 -0.9870221625159064
vn 0.08029204498760399 -2.907044776113093e-15 -0.9967713817680103
vn 0.3165019103318308 -3.048274380909096e-15 -0.9485918725965882
vn 0.5343177877283941 -1.95143260673143e-15 -0.845283681208288
vn 0.7210811270575795 -1.6586061063404155e-15 -0.6928506391722322
vn 0.8659378114582603 -1.011312425768163e-15 -0.50015168367894
vn 0.9604693896847011 -1.1419872128708957e-15 -0.27838561650828453
vn 0 1 0
vn 0 1 0
vn 0 1 0
vn 0 1 0
vn 0 1 0
vn 0 1 0
vn 0 1 0
vn 0 1 0
vn 0 1 0
vn 0 1 0
vn 0 1 0
vn 0 1 0
vn 0 1 0
vn 0 1 0
vn 0 1 0
vn 0 1 0
vn 0 1 0
vn 0 1 0
vn 0 1 0
vn 0 1 0
vn 0 1 0
vn 0 1 0
vn 0 1 0
vn 0 1 0
vn 0 1 0
vn 0 1 0
vn 0 1 0
vn 0 1 0
vn 0 1 0
vn 0 1 0
vn 0 1 0
vn 0 1 0
vn 0 1 0
vn 0 1 0
vn 0 1 0
vn 0 1 0
vn 0 1 0
vn 0 1 0
vn 0 1 0
vn 0 1 0
vn 0 1 0
vn 0 1 0
vn 0 1 0
vn 0 1 0
vn 0 1 0
vn 0 1 0
vn 0 1 0
vn 0 1 0
vn 0 1 0
vn 0 1 0
vn 0 1 0
vn 0 1 0
vn -0.1114767272130042 0.9937646423150158 0.002185171477553597
vn -0.1115567760899068 0.9937102814419363 -0.009744858388620856
vn -0.10992703614883116 0.9937102820018408 -0.021352334002532475
vn -0.10709291724706722 0.9937102820775138 -0.03272586697004025
vn -0.10308545863038249 0.9937102828552505 -0.04374085009121223
vn -0.09696408581986687 0.9937122094404833 -0.05598223709383388
vn -0.09058116584293849 0.9937122096201554 -0.06581106933003261
vn -0.08452343964453965 0.9937102822532873 -0.07345517745365535
vn -0.07638225725181456 0.9937102821642245 -0.08188788615060975
vn -0.06740420332562648 0.9937102825419755 -0.08942341832196424
vn -0.05768766642902021 0.9937102822529351 -0.09597920653332338
vn -0.04554005819073603 0.9937122101183998 -0.10228463502202706
vn -0.03459892869867645 0.9937122084625292 -0.10648455702789375
vn -0.025205027377448733 0.9937102820434535 -0.10910812048615964
vn -0.013662045858042675 0.9937102821192013 -0.11114505708105268
vn -0.005867708611193899 0.9936951034467156 -0.11196254454805568
vn -0.011661035070449473 0.9748616270165575 -0.2225057941531319
vn -0.02095772840168135 0.916320304436074 -0.39989732844621745
vn -0.03110888305419041 0.8041639643148334 -0.5935929210263311
vn -0.039693609001877 0.6517445465065116 -0.7573991441132132
vn -0.0462847025644962 0.46677393618040935 -0.88316466121056
vn -0.05055651132271142 0.25854376283606934 -0.9646756770342263
vn -0.052007768979564 0.11181295063483165 -0.9923673997245683
vn -0.12110449368207231 0.11194763327507501 -0.9863069649019612
vn -0.22353821485109263 0.11194763078317406 -0.9682450074558716
vn -0.3235227993215495 0.11194763095713427 -0.9395747581976827
vn -0.4199627971576585 0.11194763427743162 -0.9006103353744069
vn -0.5118016497450792 0.11194763106965264 -0.8517786092736236
vn -0.5980330708875231 0.11194762593598376 -0.7936146263597564
vn -0.6777122621207586 0.11194763339939069 -0.7267556791298158
vn -0.74996636130852 0.11194763009109569 -0.6519341876467638
vn -0.814003636944722 0.11194763202930606 -0.5699700051088621
vn -0.8691225245603208 0.11194762837073303 -0.48176110864624866
vn -0.914719146237769 0.11194763110676349 -0.38827388708955346
vn -0.9502938796758623 0.1119476385493771 -0.29053273219005077
vn -0.9754570037500483 0.11194763975485293 -0.18960843807250768
vn -0.9899328299269344 0.1119476327408165 -0.08660669579529412
vn -0.9937115153973013 0.11196439535611227 0.0011825139912369884
vn -0.9897592639169245 0.11194685073690086 0.08856919385834927
vn -0.9710027725475447 0.11196448081820394 0.21122871665588278
vn -0.94285989003306 0.1119644942222522 0.31381392544054054
vn -0.9111391193696938 0.11194685708680345 0.39660232770699355
vn -0.8546066531909404 0.11196448978494254 0.5070615557789581
vn -0.7847520222628743 0.11194686002967691 0.6096164073282683
vn -0.715090620375347 0.11194685657716973 0.6900096419280619
vn -0.637234747758919 0.11194685107641916 0.7624957565670126
vn -0.5520764446981978 0.1119468555796328 0.8262442137378212
vn -0.4605917201957468 0.11194685524284904 0.8805243715470683
vn -0.3638289357787786 0.11194686108112437 0.924714229253646
vn -0.26289686293753095 0.11194685732925173 0.9583074353211025
vn -0.17514910901020414 0.059442045696097 0.9827458638001967
vn -0.07803025072305761 0.030080335120869196 0.9964970915216526
vn 0.029782550150326142 0.026972792807994743 0.9991924079749006
vn 0.1372650854012641 0.024278964710645487 0.9902367536111569
vn 0.2431605688333037 0.021999166663655426 0.9697365489816133
vn 0.34623199913501573 0.020133625839362294 0.9379328546785911
vn 0.44527615113849595 0.018682508216464135 0.895198365231991
vn 0.539137476073403 0.01764592506840547 0.8420328991326175
vn 0.6267214457685659 0.017023947199184045 0.7790573885379164
vn 0.7070067897055908 0.016816617388432792 0.7070067897055908
vn 0.7790573885626199 0.017023945337078704 0.626721445788439
vn 0.8420328991326175 0.01764592506840547 0.539137476073403
vn 0.8951983770706581 0.018682507219603246 0.44527612737946026
vn 0.9379328643918419 0.020133624185221334 0.3462319729182781
vn 0.9697365526145417 0.02199916115813569 0.2431605548430964
vn 0.9902367536559383 0.024278962849098314 0.13726508540747162
vn 0.9991924079749008 0.02697279280799475 0.02978255015032615
vn 0.9964970907748203 0.030080340686260688 -0.07803025811515782
vn 0.9821806068829109 0.03360118756246162 -0.18491137243963443
vn 0.83344220625638 0.4842413337401784 -0.26624128066104025
vn 0.8069632827820021 0.47549570657976786 -0.35030571400692523
vn 0.7640022699066011 0.47597355046763623 -0.43560269837639126
vn 0.7480890975818776 0.38552157249914076 -0.5401257438938841
vn 0.6849657862085365 0.3862427753557147 -0.6177688809006457
vn 0.6138126290711081 0.3870166861264373 -0.6880785863929533
vn 0.5354772145544935 0.3878430379348577 -0.7502279191141992
vn 0.4730467266983962 0.2982735377886682 -0.8290112731531246
vn 0.36934543331443215 0.2954793626466265 -0.8810652059522712
vn 0.2713170101776914 0.29696041895066777 -0.9155334999686701
vn 0.17974631564545054 0.19880355978868694 -0.9634149711454727
vn 0.07424161409077007 0.2011894834543233 -0.9767348537267315
vn 0.05318868974797744 0.11180599179908883 -0.9923055897659327
vn 0.006141150369101296 0.9936934707706083 -0.11196237055371021
vn 0.010203045870283945 0.9824935868414355 -0.18601679943064137
vn 0.021933959313877358 0.9163011110647734 -0.3998889536987472
vn 0.03419748263261634 0.7810979353231693 -0.6234713687215108
vn 0.04284417883550769 0.6229173369187069 -0.7811135434147953
vn 0.05467374479738992 0.374314864614698 -0.9256884809471868
vn 0.06255882308021675 0.2220850762400279 -0.9730183002216759
vn 0.012245690726286756 0.9937122092275813 -0.11129280430771654
vn 0.024344457851682984 0.9937122087846838 -0.10928583386776455
vn 0.034200295717279984 0.9937100980749763 -0.10663292529360631
vn 0.045657701654876634 0.9937100977026724 -0.10225270658197698
vn 0.056567296272422296 0.9937100986597099 -0.09664564560360568
vn 0.0667982099397375 0.9937100976114781 -0.08987903567480776
vn 0.07622765733408535 0.9937100985279417 -0.08203404379247593
vn 0.08474253098414476 0.9937100983496678 -0.07320480776762596
vn 0.09224064634069618 0.9937100991337547 -0.06349726011596112
vn 0.09863206726062386 0.9937100988240388 -0.05302786817339229
vn 0.10384009018778308 0.9937100992475716 -0.04192224139015777
vn 0.1047174777771791 0.9941016399652505 -0.02821664874476532
vn 0.10243684565919033 0.9946360958310202 -0.014343274431633938
vn 0.1030824929028958 0.9946678872565295 -0.003129491581156331
vn 0.10254748781014718 0.9946954720622788 0.008057952756630933
vn 0.10084350936874951 0.9947189476304358 0.01909978646984075
vn 0.09799385735712267 0.9947383918467512 0.02987868314386337
vn 0.09403314926572742 0.994753869692962 0.04028033726332551
vn 0.0890069654962997 0.9947654342685425 0.050194530355994284
vn 0.08297143656737226 0.9947731231359365 0.059516167554046574
vn 0.07599270313564051 0.9947769602321574 0.06814622851931794
vn 0.06814624331269573 0.9947769586587707 0.07599271046602737
vn 0.059516174941443685 0.9947731220798701 0.0829714439298689
vn 0.05019453778780301 0.9947654338965216 0.08900696546301302
vn 0.04028033726332551 0.994753869692962 0.09403314926572742
vn 0.02987868312204861 0.9947383911204817 0.09799386473615679
vn 0.019099786455490264 0.9947189468830608 0.1008435167435619
vn 0.008057952756630933 0.9946954720622788 0.10254748781014718
vn -0.0031294920420060044 0.9946678857272214 0.10308250764556698
vn -0.014343273500502985 0.9946360958443067 0.1024368456605587
vn -0.11405994308438665 0.8695488212701987 0.4804947208983615
vn -0.16490220816299453 0.869406748811637 0.4657672883143977
vn -0.17169104674465163 0.9181242073604884 0.3571696016270152
vn -0.20910136891010506 0.9179927325508642 0.33699549033142484
vn -0.24417966303982636 0.9178499466568226 0.3129341265822959
vn -0.27652528995010056 0.9176957644764726 0.28525120136461357
vn -0.30576745275030204 0.9175301374053805 0.25425324342366945
vn -0.24793150323859123 0.954784247254218 0.16406404510753989
vn -0.2644652137379072 0.9546510610265154 0.13674612390671856
vn -0.27801960598070335 0.9545094333543042 0.10778144704901539
vn -0.19245427646586552 0.9800039427793658 0.05053339100928962
vn -0.19724418686084055 0.9799064627919015 0.029631991635213767
vn 0.2096382373060382 0.9748362272687208 -0.07580329454386736
vn 0.23340564017331 0.970413051696828 -0.06180870676317977
vn 0.6339209728208146 0.7414051951680425 -0.2201420832002572
vn 0.6816050005923066 0.6835825635522828 -0.2610162867999838
vn 0.8609254554044456 0.29857463316845956 -0.4118987116573291
vn 0.7053810484213295 0.6233334056764964 -0.33748043187089566
vn 0.5625738661505507 0.7817068322238446 -0.2691562252279976
vn 0.6494803680440144 0.6830230620056814 -0.3341477940878776
vn 0.20008993022743993 0.9748362241363977 -0.0982769348986282
vn 0.8113452931123154 0.300884341386251 -0.5011860218053302
vn 0.6652835786493919 0.6233050990884442 -0.41096047672471275
vn 0.6595232136450705 0.6133539905233529 -0.43454115221962264
vn 0.5517060231243732 0.7688421705413232 -0.32326797064601914
vn 0.18814091303794986 0.9748362261009719 -0.11957143940950825
vn 0.752497394380309 0.30338049715821075 -0.5845579059382247
vn 0.6175614179496052 0.6232743445040257 -0.4797363719201934
vn 0.6079387826183781 0.6139594479469702 -0.5034523143904854
vn 0.3156229492272065 0.9104372080260971 -0.2673691159479075
vn 0.17393456368778806 0.9748362285595304 -0.1394313273356099
vn 0.6850821888163333 0.30606159193767896 -0.6610512056620087
vn 0.5627605368103642 0.6232411915774938 -0.5430202531489743
vn 0.5762851974770762 0.5610187190432689 -0.5942670847791058
vn 0.30957475035288673 0.8936800282933831 -0.32480683640201563
vn 0.1576413508765732 0.9748362281358008 -0.15761831368141813
vn 0.6099001101639052 0.3089261020769373 -0.7297852554536888
vn 0.5015079888073811 0.6232057105603979 -0.6000869766019636
vn 0.485018750978976 0.6121371871058809 -0.6245357278498115
vn 0.24993784316161113 0.9104372113786213 -0.3295984810232616
vn 0.13945676340483382 0.9748362270713844 -0.1739141786338204
vn 0.5278423950086637 0.3119721964675986 -0.789971996125622
vn 0.44843057880677806 0.5039047124455759 -0.7382344185732331
vn 0.42632250781905695 0.639188212105758 -0.6400683938704634
vn 0.23154566742098048 0.8936800190869137 -0.3843470142766638
vn 0.1195989615069035 0.9748362232708913 -0.18812343342979673
vn 0.4542469191999187 0.1988897221768599 -0.8683908191648472
vn 0.4176799990008429 0.4335491397665123 -0.7984851669520059
vn 0.36932715541720545 0.5054651467061683 -0.7798092316308822
vn 0.2520765375131859 0.8045533334432863 -0.5377279543418395
vn 0.17229364423250773 0.9104372057333449 -0.376057169288848
vn 0.09830619345202256 0.9748362253618035 -0.20007555085848094
vn 0.35840940613318595 0.20430511314772512 -0.9109347497691326
vn 0.32993954645657486 0.43350979982158394 -0.8385756669154428
vn 0.2830298901337049 0.4812803073010657 -0.8296163855030195
vn 0.20299538849302814 0.7816461278219053 -0.5897645319206524
vn 0.15224851926760308 0.8908791097489468 -0.4279658867173247
vn 0.0778733722787608 0.9711112471967049 -0.22556303655074733
vn 0.25866226074813614 0.21000086349940705 -0.9428645036240183
vn 0.20010804191651074 0.3751732214424512 -0.9050976883590153
vn 0.20677966584648444 0.51235302049851 -0.8335085795470073
vn 0.13428628706743792 0.771463409220864 -0.6219416382096986
vn 0.09539356665347529 0.907648488329474 -0.4087472190417324
vn 0.04044777574530904 0.9825447316092603 -0.18157595607388105
vn 0.15618434701278336 0.21597309622004002 -0.9638267849864517
vn 0.11380023252991354 0.36111175200740275 -0.9255527049489304
vn 0.07774029622047476 0.6357500512161309 -0.7679702590089279
vn 0.06819183205194554 0.7818314829401234 -0.619749470612962
vn 0.05114011544907033 0.8839491741278607 -0.46477795359776775
vn 0.02834776592323312 0.9658267462711876 -0.2576336553216067
vn -0.10143701727927368 0.22244019797106282 -0.9696550365217925
vn -0.09326793859797339 0.43373768876777496 -0.8961990342396455
vn -0.08043443409904932 0.6233063338882303 -0.7778300045292542
vn -0.06358155058535321 0.7816462160975095 -0.6204728674854425
vn -0.04355345751938823 0.9008183060165342 -0.43200633778176034
vn -0.01941346921626873 0.9748369383525847 -0.22207219735110512
vn -0.20223789990688115 0.2224402232851955 -0.9537401002925726
vn -0.1864353099993503 0.4337376904865897 -0.8815404080567183
vn -0.1612991715524706 0.6233064032411872 -0.7651612280657073
vn -0.12809030635262342 0.7816462470170062 -0.6104277335956488
vn -0.08890849233407286 0.890880453636016 -0.4454517901189403
vn -0.04879756929196547 0.971111280154279 -0.23358441469480173
vn -0.2927522147383979 0.20046973804547663 -0.9349374443746176
vn -0.2865881553273317 0.4191474218226116 -0.8615002426032942
vn -0.23735883710937467 0.605616864453943 -0.7595320901285605
vn -0.20039127625949188 0.7714639847780174 -0.6038929181481724
vn -0.12694768278748123 0.9007938866907517 -0.41527660605367395
vn -0.06643774266952376 0.9782841067969962 -0.19633194527987888
vn -0.38817914266402 0.23806776950065697 -0.8903037067908954
vn -0.3705135082847846 0.4539680299352121 -0.8103288023853299
vn -0.30808109217479135 0.635751250964666 -0.7077474037686398
vn -0.25359612750872723 0.7818314447757204 -0.5695863376806777
vn -0.17666512930963343 0.9007452829980953 -0.39679638007760565
vn -0.09050741891082643 0.9749279129242703 -0.20328298434258274
vn -0.48706155761082864 0.22244019690240605 -0.8445658043632435
vn -0.44660492707458793 0.41340111738251767 -0.7935008224693834
vn -0.40053966118772466 0.6105974832968181 -0.6831827670596022
vn -0.302403680660052 0.7816008724593395 -0.5455750086780482
vn -0.22366611066313896 0.9007938861354664 -0.37221478428696064
vn -0.10805997922791254 0.9748369387920671 -0.19497687979802827
vn -0.5726745607322072 0.22244020840663106 -0.7890273766949966
vn -0.5168257800583275 0.43368415756240375 -0.7381118916170432
vn -0.47064005343417564 0.6232488024903712 -0.6245469320217614
vn -0.35777518506501294 0.7816008406576241 -0.5109765580092601
vn -0.2613478677560235 0.9007938768173921 -0.346796314149492
vn -0.1278486537007363 0.9748369357380704 -0.18261344547354294
vn -0.6520132522361446 0.2224402163736763 -0.7248441688032524
vn -0.5928552616773133 0.4481307467901075 -0.6691049786714076
vn -0.5191661194806895 0.6408293340225544 -0.565512426954149
vn -0.4049192599862873 0.7915280926104916 -0.4577375574502868
vn -0.2793419404523781 0.910437717280682 -0.3050757991992171
vn -0.1462365829563782 0.974836941306543 -0.16824921892640737
vn -0.7242082221540626 0.2224402087918942 -0.652719545039882
vn -0.6689858007132958 0.43373767621601095 -0.603597238789845
vn -0.5802442533485143 0.62330640458412 -0.5242191645299153
vn -0.46242767092521936 0.7816462435669886 -0.4185568050818106
vn -0.32143521726952184 0.9008183000421554 -0.29190031073648526
vn -0.1630223373851325 0.9748369338200177 -0.1520416718333309
vn -0.7863839370360577 0.20046973487653663 -0.5843048767297776
vn -0.7382318571632955 0.41914741307073206 -0.5285160084475634
vn -0.6384691098294941 0.6056168768674347 -0.4749583079038284
vn -0.5170792866607793 0.7714639796676307 -0.37077262490879914
vn -0.3641373452908765 0.89088045028499 -0.2715437663886372
vn -0.18046700841548904 0.9748025475559902 -0.13111694075105387
vn -0.8373509098446824 0.23806776245758587 -0.49210486104154794
vn -0.7760510087879227 0.45396803229085514 -0.43778745689799814
vn -0.665246291944478 0.635751291810442 -0.3914941455698621
vn -0.5274512771871406 0.7955735331966786 -0.2980904283445002
vn -0.3614552240271851 0.9076491992541849 -0.2133613182296511
vn -0.1927087775205968 0.9749279129442923 -0.11126046750128252
vn -0.8904643983097443 0.22244022117715395 -0.3969804823231541
vn -0.8227651087408645 0.43373766373716677 -0.36732712245961063
vn -0.7138377290571377 0.6233063816186208 -0.3192567167782858
vn -0.5825564279859049 0.7674824018649906 -0.26757946677547617
vn -0.4109067365527706 0.8936802842092142 -0.18025316494111931
vn -0.20202690197148668 0.9748369375343199 -0.09422354322838856
vn -0.9270821052333758 0.222440209092724 -0.3017269022391563
vn -0.86284782230368 0.41340110533854557 -0.29084903584276506
vn -0.7547974343253537 0.6105975311924983 -0.2396904003866016
vn -0.5795391634030391 0.7915280833383428 -0.19395270394824335
vn -0.4126479218229627 0.9009688853666793 -0.13407744111636913
vn -0.22668882745739116 0.9711112779562918 -0.07453228382446578
vn -0.956055679167575 0.2004697277529806 -0.21393790357501616
vn -0.88138361809512 0.4336648384996538 -0.18734386993607396
vn -0.7647465446293095 0.6234898549948256 -0.1625519092353671
vn -0.6231822374925534 0.7714639906376716 -0.1284025312179374
vn -0.40969660312896294 0.9076492065126733 -0.09122286611099033
vn -0.19605266600697496 0.9796558395091806 -0.04286943278281649
vn -0.9651151992484343 0.23806776345534753 -0.10897886117510927
vn -0.8870220857847612 0.4539680222584645 -0.08429029657552474
vn -0.7761935644048013 0.6232487601353511 -0.09531281952768618
vn -0.621406265322458 0.781600843215197 -0.05435416546400198
vn -0.4316211854660589 0.9008183303584157 -0.04721745384018382
vn -0.22125568753638988 0.9748369352987768 -0.027182168973204385
vn -0.9783255148646602 0.2069056690792958 0.008320520875901044
vn -0.90085680542213 0.43411633974448244 0.00014032636148848465
vn -0.7819108640601176 0.6232561091144254 -0.012931477731016692
vn -0.6236795861650895 0.78159220011677 0.011722052617593234
vn -0.433813987057027 0.9010014490268514 -0.0013466570461004512
vn -0.22288237723468954 0.9748383256848837 -0.00369928291781509
vn -0.9673528598104761 0.2224065346586761 0.1215062877287123
vn -0.8959767693922871 0.43373762958415024 0.09537975357528909
vn -0.7681459465310161 0.6357506742727621 0.07597950374737833
vn -0.6017506209992156 0.7955729480904157 0.07042637569677207
vn -0.398778821914211 0.916056265985942 0.042618877749267606
vn -0.22177498963218678 0.9749435532083434 0.01734710440198669
vn -0.9453145969022357 0.24435834864234543 0.21603080875733877
vn -0.8806474646947715 0.4337376278340734 0.19060879603927572
vn -0.7643911283245923 0.6233063373424654 0.16491031734666337
vn -0.6098189388424394 0.7816461964935523 0.13095833435197746
vn -0.351591681965667 0.9334886815928516 0.07058449199783867
vn -0.21711336547918317 0.9754817697723717 0.03601532135167635
vn -0.926019209632243 0.20670682591197606 0.3158491910920021
vn -0.8671218126537839 0.413400171743813 0.2778489878012911
vn -0.763577287262729 0.5936000980763009 0.2541429714556313
vn -0.5272883143969451 0.8288375087624905 0.18707062187531429
vn -0.35962552706582607 0.9262851701883713 0.11254005407732441
vn -0.21066040112629741 0.9757648254899446 0.059204735738666595
vn -0.8794778306916583 0.2224064994951124 0.4207779631875049
vn -0.8161891546727126 0.4481302118231524 0.3647116354683239
vn -0.6894979263019908 0.6522585547270443 0.3148831329408449
vn -0.40966417898774904 0.8934716476143002 0.18407518942997533
vn -0.402684370760411 0.9007982239707198 0.16250494526779352
vn -0.20182621298667913 0.97602891049747 0.08144780920673951
vn -0.8287165589373148 0.24435834080573046 0.5035055771506075
vn -0.7753869658280274 0.4337376225852377 0.45896266512442097
vn -0.6889966884062265 0.6056157489207642 0.39813707190413067
vn -0.43326367122404924 0.864557826117387 0.2546023497468886
vn -0.38246155143122623 0.9008166874320832 0.2055540253089388
vn -0.1907333841421626 0.9762748278985351 0.102509690202263
vn -0.7807759402119359 0.22244017631145585 0.583874386446859
vn -0.7218833414003272 0.433737626497196 0.5392180567908289
vn -0.5218616021486004 0.7515089358531742 0.40360226403691746
vn -0.3721962521903167 0.8844935776995442 0.28132021054972645
vn -0.35765578426773564 0.9008340604839458 0.2461307283779039
vn -0.17752688780896017 0.976503293761534 0.12217005106710994
vn -0.7243032766019653 0.2004691879416098 0.6596945264208945
vn -0.6600626291433946 0.4191469962714089 0.6234044603024308
vn -0.4330840626065993 0.8104255644354877 0.39452325562073565
vn -0.47208080600888247 0.7816192657614645 0.40768987722104816
vn -0.3285648572026179 0.9008504281887842 0.2837492566395674
vn -0.16237242316667377 0.976714956459009 0.1402251404857877
vn -0.6418098244156728 0.23806746425953967 0.7289746441026301
vn -0.5765906105997602 0.45396722384251725 0.6793062839727845
vn -0.3887974348020536 0.8098983223133717 0.43920526204193955
vn -0.4246358968639737 0.7816466271946593 0.45685107561408
vn -0.2955382227287415 0.900865692001659 0.31795937457591794
vn -0.14545460200008317 0.9769104226996309 0.15648956763256133
vn -0.5675225248905509 0.20046919552596026 0.798580168415813
vn -0.512464034192256 0.4191470045691238 0.7494640766708762
vn -0.3398881803767865 0.8094056728359215 0.4788929751219851
vn -0.372103088595699 0.7816721065261146 0.5005277308367321
vn -0.25897207822963275 0.9008799183735188 0.3483515973391641
vn -0.1269750148362482 0.9770902397591924 0.17079815272613064
vn -0.4721877407370671 0.2380674398162245 0.8487417932427814
vn -0.41901677578848845 0.4539671809241666 0.7863451788188088
vn -0.28692192195979677 0.8089480500670845 0.5131070677661321
vn -0.3151125890478471 0.781695719212403 0.5381968587687656
vn -0.21930506467296604 0.900893077442833 0.3745623467787013
vn -0.10715022970550664 0.9772548937664354 0.18300737931463346
vn -0.373544763035488 0.2224401893781674 0.9005468739372573
vn -0.26329504885386285 0.655431197099549 0.7078740446701618
vn -0.24143735736386018 0.7768911613763719 0.5815050522948428
vn -0.25434788922476087 0.7817173557454742 0.5694076983789492
vn -0.1770128472477171 0.9009051988907175 0.3962780267954977
vn -0.08620940919856535 0.9774048357841119 0.19299669621904902
vn -0.27514041022162405 0.22244020252686955 0.9353171178605049
vn -0.19759968646631063 0.7310256033563457 0.6531124950159095
vn -0.23891014754530246 0.6233715855461993 0.7445332818172062
vn -0.19053764268295417 0.7817371930633925 0.5937864664188557
vn -0.1326025248241577 0.9009162585679055 0.41323899314835444
vn -0.06439202862974316 0.9775404685796222 0.20066962634658772
vn -0.21459930654353337 0.1917749004310893 0.957689681053148
vn -0.18586647505225418 0.6716392634382811 0.7171850202421499
vn -0.26614517842148566 0.6180253230582695 0.7397374156156474
vn -0.21348541826382936 0.7775043194996801 0.5915327627004755
vn -0.122282767684485 0.19295788107741565 0.9735574871868309
vn -0.12212965831082251 0.8936035178721714 0.4319225618179279
vn -0.1101877065999567 0.46719284687584406 0.8772625109636716
vn -0.0483587023987471 0.9769695053486481 0.2078269027848111
vn -0.09221535601503994 0.6457586064650154 0.7579526042513351
vn -0.08309299557757317 0.7816793974075769 0.6181204362860631
vn -0.05146262911535088 0.9046786632828053 0.42297531134260336
vn -0.02773754060040866 0.9749170953699279 0.22083316326336375
vn -0.08375048409992313 0.23750849913402095 0.9677683448285201
vn -0.08312392202933304 0.4213463647900841 0.9030823076910779
vn -0.07268100245873577 0.6125122320519052 0.7871125951656385
vn -0.05850955663847763 0.7875367160646384 0.6134839465153868
vn -0.014508959713383517 0.17914688434237006 0.9837153469975229
vn -0.036624562368999206 0.9074987861731613 0.418455008962156
vn -0.01639410870907339 0.4454333829802309 0.8951649761504424
vn -0.019898859871228285 0.9783986253708489 0.2057672599036564
vn -0.014400556593900408 0.6334295233397713 0.7736663770200539
vn -0.011679571415439993 0.7897023757069715 0.6133789574270677
vn -0.008367067010437936 0.9064072758052979 0.4223219655154838
vn -0.00594288482954076 0.9712604875299453 0.23794484126157434
vn 0.02271848939559093 0.23842996595550414 0.9708939291055636
vn 0.016117722097185126 0.4229064066749299 0.9060300161847272
vn 0.01380184053149489 0.6138752279664331 0.789282404268018
vn 0.008473634980214402 0.7639462586533521 0.6452242334256887
vn 0.09088868130028376 0.17699702526656239 0.980005765625021
vn 0.00950571880578164 0.8909208642719143 0.4540590874709705
vn 0.07944292463351799 0.443884873105597 0.8925553434682362
vn 0.002664217554979429 0.9786122074502243 0.20569649820601948
vn 0.06846030109674264 0.6320928384307142 0.771862572468925
vn 0.05146107743545884 0.7950745698772899 0.604324569948653
vn 0.03796661664971024 0.9125124859707453 0.40728306982695006
vn 0.019568575310237372 0.9710318329097063 0.2381475390096308
vn 0.12884050450916915 0.23933209187652127 0.9623514296741243
vn 0.11500889842176407 0.4244632733583068 0.8981112864527222
vn 0.09989049651314608 0.6152342783122969 0.7819901991047614
vn 0.07879046138442866 0.7644341382068985 0.6398691362604587
vn 0.19312391656003244 0.14162346339954962 0.9708995558075151
vn 0.059033171141791595 0.8913367511325225 0.4494817913836596
vn 0.1796249322192172 0.42320347349442633 0.8880505074304581
vn 0.024981098643212928 0.978819981740709 0.2031929822993313
vn 0.15077232169735627 0.6307521010865127 0.7611960943048371
vn 0.1158533492319459 0.7945164007019682 0.5960886599217691
vn 0.0846529608205979 0.90095294075474 0.4255792226715165
vn 0.05056960396918017 0.9658206488690804 0.254230583078647
vn 0.227203695627845 0.25885605659595545 0.9388141576779938
vn 0.21452536005017958 0.450166202265018 0.8667925127927858
vn 0.184554017381525 0.6165894495521229 0.7653478067972429
vn 0.14805091347288601 0.7649281922409475 0.626869833167014
vn 0.10217413865583296 0.9007320836382721 0.42218735046729633
vn 0.29584550375447244 0.14059678981075718 0.9448322499804778
vn 0.041886656435299215 0.9840171688588888 0.17307720648198766
vn 0.2739106946332446 0.3996669255145684 0.8747795608124744
vn 0.23836359384789702 0.6135041118469633 0.7528582216292676
vn 0.17908358241576508 0.7939633579732719 0.5809916150039879
vn 0.12965701771953547 0.9009581979044706 0.41408137290248265
vn 0.07745363756743524 0.9658226612030517 0.24736111483866588
vn 0.3285193482247705 0.25886282631699603 0.9083309281276009
vn 0.30070072946047655 0.46725661391605194 0.8314146547022387
vn 0.2654848472398186 0.6382429185511127 0.722609004099318
vn 0.21317835067926363 0.7773587672992822 0.5918347216112024
vn 0.1418959181526636 0.9062586306308296 0.3981969899669587
vn 0.395194868663559 0.1397751457346248 0.9079008340214567
vn 0.0605126257526181 0.9840450461130433 0.16731278894603907
vn 0.3647023658391604 0.42177229205632516 0.8301206647258416
vn 0.30997746251765335 0.6280587126909102 0.7137620234673133
vn 0.24628782386919434 0.7854339516940856 0.5678343203259111
vn 0.17752962983358803 0.8922734099141921 0.4151281639340427
vn 0.1034491461939252 0.9658242718439488 0.23765889436091814
vn 0.4258931774299702 0.25886806232193277 0.8669500145500268
vn 0.39757304712635544 0.45174258184895266 0.7986640795372654
vn 0.34559276608492456 0.6192881448556858 0.7050161939069015
vn 0.27602968294662966 0.7784366797958379 0.5637765068542812
vn 0.18423129459281806 0.906603268910791 0.3796437051933331
vn 0.49002361492894037 0.13915869649078505 0.8605299030265939
vn 0.07839602377738132 0.9840666834689565 0.1595832884180071
vn 0.4535955766705183 0.39968153658116273 0.7965586746380084
vn 0.39352982168992673 0.6122427416690079 0.6857791953058296
vn 0.30624118082669893 0.78435700197906 0.5394445593499759
vn 0.22127141909015216 0.8918711881350054 0.3944676702449571
vn 0.12825876288417756 0.965825484100565 0.22523504169051817
vn 0.5181570702718982 0.25887182622573085 0.815167852723473
vn 0.47427754332610716 0.4672702128564601 0.7461362878681288
vn 0.4156801436575943 0.6395720891824332 0.646651034877096
vn 0.33531149573939817 0.7795106617991983 0.5290834801488169
vn 0.2242178397406381 0.9069508020914251 0.3566042665585511
vn 0.5792360975285774 0.1387476342629746 0.8032649857340305
vn 0.09533373324211218 0.9840821087370947 0.14997960717935918
vn 0.5333127338508128 0.4202941623872795 0.7341187540008409
vn 0.4558773124166811 0.6253492946581303 0.6333357211576836
vn 0.36294281569523007 0.7832759637497394 0.5047289145146483
vn 0.251816330513736 0.9019530350113432 0.3508122835939807
vn 0.14086563954244655 0.9699367332307566 0.19844295181725558
vn 0.6042041618052184 0.2588740518462277 0.7536057033608292
vn 0.5612298882735515 0.45325106677070087 0.6925203845228518
vn 0.4892792058181717 0.621971124333786 0.6113573253416575
vn 0.39835750673123915 0.7669702694480248 0.5030585478984478
vn 0.28214725335660207 0.8933083847595179 0.3498471911301656
vn 0.12418903507382088 0.9797747807694285 0.156902716788625
vn 0.6615490096834188 0.16711767950913328 0.7310434932221
vn 0.6015124555653917 0.4345233609921196 0.6703523062925978
vn 0.5216910088322437 0.6239886098825359 0.5817875093541078
vn 0.40609792765215885 0.791801350786906 0.4562182526474065
vn 0.27746531066675495 0.910612096456997 0.3062655892567653
vn 0.1618360845525447 0.9697268416413746 0.18286315740724213
vn 0.6893299299926535 0.24436764695355218 0.68198878344054
vn 0.6367901714934615 0.43373782473127415 0.6374713929947841
vn 0.5524564026746337 0.6233067184287281 0.5534262894960927
vn 0.4404365839502898 0.7816469884327123 0.4416374089592848
vn 0.3063396177502876 0.9008194096590993 0.3077018520874374
vn 0.13999108878127012 0.9799494678919621 0.1417798837638638
vn 0.7360594329444954 0.16600459942244436 0.6562461307649909
vn 0.6741177170766537 0.4130335285402602 0.6123468035557488
vn 0.5911530444520668 0.6102674201751941 0.5273630190938362
vn 0.46396447900985427 0.7811019796585613 0.4178715826549958
vn 0.32297033013453674 0.9004397972131105 0.29137319274017087
vn 0.1810778576520031 0.9695198197237102 0.16505189678118112
vn 0.75959510325126 0.24514860145211875 0.6024262961747086
vn 0.6977496351562982 0.43373428065639474 0.5701052713514695
vn 0.6144861029983297 0.6232763576585855 0.48366663230553025
vn 0.49716920456908237 0.7680331591601745 0.4036679928587206
vn 0.35030231321442035 0.8940496557423226 0.2792194520868137
vn 0.15400292237855845 0.9801188871895852 0.12510022731039552
vn 0.8032649857340305 0.1387476342629746 0.5792360975285774
vn 0.7341187081281806 0.4202942298536954 0.533312743826641
vn 0.6384003408226172 0.6233101131144312 0.45158554862488814
vn 0.49492648752418805 0.7907489619438647 0.36022749913307545
vn 0.3374770028814259 0.909918677517082 0.24115819047201048
vn 0.8151678590124779 0.25887179842059926 0.5181570742694703
vn 0.19835210889655788 0.9693156262368356 0.14520212680735592
vn 0.7461362878681288 0.4672702128564601 0.47427754332610716
vn 0.6490281046650072 0.6420562091610542 0.40807639435856286
vn 0.5236777021164042 0.7837676933076204 0.33387103383392586
vn 0.3633238312663681 0.9022948586639797 0.23207710283971708
vn 0.16607514179308347 0.9802830907117668 0.10707058112755913
vn 0.8605298886751339 0.13915870907113134 0.4900236365589091
vn 0.7965586746380084 0.39968153658116273 0.4535955766705183
vn 0.690661537102579 0.60889237020149 0.3901752461106606
vn 0.5566130163563155 0.7661629158237852 0.3212107352488697
vn 0.3922103228710661 0.892712626124852 0.2218901299982583
vn 0.8685608122002823 0.24192765945184516 0.4325195060365925
vn 0.21344183010505263 0.9691141673590703 0.12353265068532121
vn 0.8109156467164222 0.4291149366070978 0.3978393961024639
vn 0.7048364979523739 0.623241910401257 0.3387846399611773
vn 0.5454337698208949 0.7931062726476371 0.2710801413345123
vn 0.37009159320656443 0.9114129092592265 0.17988530088214538
vn 0.17608176403529927 0.98044211962789 0.08791167404723721
vn 0.9004776975188119 0.1884261349057945 0.39196365642197273
vn 0.8106507811768383 0.46726087616525275 0.3528634078261196
vn 0.7071604483826252 0.6385262387422017 0.3036582662813931
vn 0.5759484336700228 0.7778110130708614 0.2515818548678102
vn 0.40279836088328863 0.8981430670077167 0.17633068835488677
vn 0.9127872745687294 0.247400183826699 0.32498083086223145
vn 0.22615443009511965 0.9689153960104221 0.10028523880571216
vn 0.8531353558763853 0.4165153544965508 0.31412580922663086
vn 0.743766199796065 0.6131342741578786 0.2662296037141845
vn 0.5812430248992441 0.7858727394819213 0.21109377855625475
vn 0.40221099080677414 0.9037564624993443 0.14646014940899207
vn 0.18392138520853005 0.980596023923347 0.06785544877678068
vn 0.9448322416500022 0.1405967885711317 0.29584553094835886
vn 0.859915643382355 0.43364272996816433 0.2692565115499868
vn 0.7361103961924231 0.6378291309580773 0.22652921294768477
vn 0.6134013436348893 0.7651272890864608 0.19575245368095867
vn 0.43193021315830393 0.8919049480597624 0.13394720821105172
vn 0.9388141576779938 0.25885605659595545 0.227203695627845
vn 0.2363243098076929 0.9687192419740666 0.07572219504945323
vn 0.8652898785528226 0.4574051262813714 0.20507066227416423
vn 0.7547103352502315 0.6299260413856254 0.18331800852812813
vn 0.5899834475675135 0.794175901710181 0.1456165125910235
vn 0.39900896006860476 0.9120252740732472 0.0948775486434435
vn 0.189518255743407 0.9807448271632562 0.047142493914630476
vn 0.9708995475459783 0.14162348579004308 0.19312394167397284
vn 0.8990515207200729 0.39965649268793696 0.17883246613325418
vn 0.789323049587692 0.5935639872029052 0.15700610333797727
vn 0.6400251986932717 0.7577335837269342 0.12730892007230066
vn 0.9580339132187288 0.2588478310273736 0.12316176961717257
vn 0.44457155427541784 0.8914900414368322 0.08718737952303869
vn 0.8854714537715788 0.4493513059435871 0.11842173956854173
vn 0.24381497519920461 0.9685256488159459 0.05012310299913917
vn 0.7690577379406107 0.6319513812106988 0.0958522169778095
vn 0.5890754475998455 0.8045216818872334 0.07572965342835727
vn 0.40633160179695665 0.912321514752448 0.0506367761702709
vn 0.19282277365372205 0.9808885677406458 0.026019139804958655
vn 0.9858043507699383 0.1428548503756339 0.08821719632370661
vn 0.9018471334834329 0.42390197956556835 0.0835395687570106
vn 0.77943706477477 0.6233380434100294 0.06267013397981
vn 0.6422069206533196 0.7641190449662387 0.06076476104506697
vn 0.9657596043222546 0.2588380950807784 0.01764163241529219
vn 0.4521692746308553 0.8910674557374059 0.03926495136215699
vn 0.8839940382556843 0.4672192012699544 0.01614801204710058
vn 0.24852079558674342 0.968334571430207 0.023781756327270587
vn 0.7642207037371623 0.6448663381727054 0.010682783869484831
vn 0.6061070098097828 0.795264797937409 0.013718375305255515
vn 0.40878499698403936 0.9126113908619562 0.005939318964721775
vn 0.1938119868442319 0.9810272656375864 0.004734747208883695
vn 0.9864154730023771 0.1629243090967345 -0.02098056545587411
vn 0.912915944650716 0.4079678950895745 -0.012110928068187313
vn 0.8046814651623836 0.593532968595133 -0.01436505533467359
vn 0.6413261851549966 0.7671526623970016 -0.013323543512552934
vn 0.9708746701534695 0.22247895666832232 -0.08891281512901601
vn 0.4459485735249069 0.8950301460111152 -0.007134949363719582
vn 0.9073300527459193 0.4127285257907333 -0.08004585799837269
vn 0.2503686895840462 0.9681459264675981 -0.0029973888909118978
vn 0.7725162700350447 0.6307236114785604 -0.07352780735601805
vn 0.6209669148705508 0.781771127884404 -0.056868218211027895
vn 0.44119644388042495 0.8964517757904374 -0.041471816808988995
vn 0.1924896226799682 0.9811609318918252 -0.016461193446664083
vn 0.9735574843875644 0.19295789542376587 -0.12228276733288578
vn 0.8772625346724804 0.4671927998975063 -0.11018771702845925
vn 0.7661556631357619 0.6348696971818912 -0.0997294712969775
vn 0.6121541468015406 0.7872040537106576 -0.07467983914809889
vn 0.9477424815130562 0.25087163364618825 -0.19709797606055454
vn 0.4171816958756314 0.907215644863168 -0.05402968019374587
vn 0.8764090360483963 0.44743000554635576 -0.17808310326785282
vn 0.24931877685443019 0.9679596955684326 -0.02990276346557378
vn 0.7569649495439149 0.6351506345528926 -0.15358299576787868
vn 0.6228196652962832 0.7726020852710869 -0.12321396980453989
vn 0.4333880757982557 0.8967721885000726 -0.08929959512044623
vn 0.18888579564885194 0.9812895788575082 -0.037321825086059274
vn 0.9610967707274649 0.15152165405890652 -0.23094195298492573
vn 0.8825656803990777 0.4067638531327019 -0.23584102180568797
vn 0.7620245932346674 0.5992412063903394 -0.2454149463039905
vn 0.5833045993136975 0.7794925774778912 -0.2283573210483098
vn 0.9006461619791363 0.29645273480017315 -0.3177298647306382
vn 0.7373948694734848 0.6233594418805727 -0.26013806467436357
vn 0.5880975699876738 0.7817274897002029 -0.20746898568608318
vn 0 1 0
vn 0 1 0
vn 0 1 0
vn 0 1 0
vn 0 1 0
vn 0 1 0
vn 0 1 0
vn 0 1 0
vn 0 1 0
vn 0 1 0
vn 0 1 0
vn 0 1 0
vn 0 1 0
vn 0 1 0
vn 0 1 0
vn 0 1 0
vn 0 1 0
vn 0 1 0
vn 0 1 0
vn 0 1 0
vn 0 1 0
vn 0 1 0
vn 0 1 0
vn 0 1 0
vn 0 1 0
vn 0 1 0
vn 0 1 0
vn 0 1 0
vn 0 1 0
vn 0 1 0
vn 0 1 0
vn 0 1 0
vn 0 1 0
vn 0 1 0
vn 0 1 0
vn 0 1 0
vn 0 1 0
vn 0 1 0
vn 0 1 0
vn 0 1 0
vn 0 1 0
vn 0 1 0
vn 0 1 0
vn 0 1 0
vn 0 1 0
vn 0 1 0
vn 0 1 0
vn 0 1 0
vn 0 1 0
vn 0 1 0
vn 0 1 0
vn 0 1 0
vn 0 1 0
vn 0 1 0
vn 0 1 0
vn 0 1 0
vn 0 1 0
vn 0 1 0
vn 0 1 0
vn 0 1 0
vn 0 1 0
vn 0 1 0
vn 0 1 0
vn 0 1 0
vn 0 1 0
vn 0 1 0
vn 0 1 0
vn 0 1 0
vn 0 1 0
vn 0 1 0
vn 0 1 0
vn 0 1 0
vn 0 1 0
vn 0 1 0
vn 0 1 0
vn 0 1 0
vn 0 1 0
vn 0 1 0
vn 0 1 0
vn 0 1 0
vn 0 1 0
vn 0 1 0
vn 0 1 0
vn 0 1 0
vn 0 1 0
vn 0 1 0
vn 0 1 0
vn 0 1 0
vn 0 1 0
vn 0 1 0
vn 0 1 0
vn 0 1 0
vn 0 1 0
vn 0 1 0
vn 0 1 0
vn 0 1 0
vn 0 1 0
vn 0 1 0
vn 0 1 0
vn 0 1 0
vn 0 1 0
vn 0 1 0
vn 0 1 0
vn 0 1 0
vn -0.9985746103216094 0.000019122035074816563 0.05337365694229577
vn -0.9922479599804029 0.00002550345069704405 0.12427383177605364
vn -0.973324560287306 0.0000381089093849131 0.22943255847685093
vn -0.9432892454569756 0.00005056858342949322 0.3319719820226219
vn -0.9024849321803318 0.00006288249130564477 0.4307214218416056
vn -0.8513773984390272 0.00007505064165864654 0.5245536386248745
vn -0.790550260829876 0.00008707301049018351 0.6123971566884565
vn -0.72069772882216 0.00009894962950370077 0.6932494312147331
vn -0.6426174840822382 0.00011068047369064701 0.7661871552705952
vn -0.5572007333260679 0.00012226555631003464 0.8303778223387386
vn -0.4654228412204242 0.00013370488952625713 0.88508844811878
vn -0.3683314083489592 0.00014499845793965811 0.9296945480097856
vn -0.2670349502462319 0.00015614625729209317 0.9636868324125523
vn -0.16268985216079643 0.00016714827756101645 0.9866772441205643
vn -0.05648748838672945 0.0001780045969749051 0.998403291245638
vn 0.050359777463536516 0.00018871514235071902 0.9987311235765198
vn 0.15663209372897113 0.00019927992017724046 0.9876569989128776
vn 0.2611162890661998 0.00020969895725165275 0.9653073290981709
vn 0.36261940609557525 0.00021997225489883864 0.9319372929200221
vn 0.4599827017825182 0.00023009979188198064 0.8879278467955269
vn 0.5520946367896531 0.00024008155674445157 0.8337814188316666
vn 0.6379036693891628 0.0002499176107229611 0.7701161250883073
vn 0.716430022690142 0.00025960791907798085 0.6976589103508469
vn 0.786777307430472 0.00026915245344158814 0.6172369043320507
vn 0.8481424193418845 0.0002785512394467308 0.529768212449654
vn 0.8998247472674946 0.0002878043188342529 0.43625146575531815
vn 0.9412342759195504 0.00029691165664943797 0.33775427410717973
vn 0.9718982479934057 0.0003058732223780376 0.2354011512055967
vn 0.9914665992146954 0.0003146891013511215 0.13036059071826828
vn 0.9997159311409811 0.00032335921645978755 0.023831753224182586
vn 0.9965520612818616 0.0003318835552722523 -0.08296914491652257
vn 0.9820111114321932 0.0003402622145110138 -0.18882283030749764
vn 0.9562590803808899 0.0003484950897723886 -0.29252085351350093
vn 0.9195899785913388 0.0003565823066617422 -0.3928792996881353
vn 0.8724224530026499 0.0003645236995748003 -0.4887524226224476
vn 0.8152949600574684 0.0003723193853903385 -0.5790457576765122
vn 0.7488596588796985 0.00037996937347710706 -0.6627285016700707
vn 0.6738750717755592 0.0003874736305904557 -0.7388452053736768
vn 0.5911971891179121 0.00039483213676472597 -0.8065269540980409
vn 0.5017699539562653 0.00040204496575843633 -0.865001012523438
vn 0.40661436676168927 0.0004091120244514525 -0.9135997971597529
vn 0.30681663038358636 0.00041603333863007597 -0.9517685549734888
vn 0.20351616952688206 0.00042280895108483393 -0.9790714938009871
vn 0.09789225339887245 0.00042943882931463604 -0.9951969263953655
vn -0.008123597183718401 0.00039249196092364363 -0.9999669260124844
vn -0.9985826957028741 0 0.05322217435224888
vn -0.996062987106233 1.4422638983155632e-7 0.08864832608113563
vn -0.9809580285786685 -0.000012344142104950036 0.19421983939514095
vn -0.9546961306404197 -0.000024688925200980646 0.29758242140736
vn -0.917575990204404 -0.000036890119103295776 0.39756043671312
vn -0.8700197858219398 -0.00004894772384832042 0.4930168048682179
vn -0.8125684133054384 -0.00006086175102942942 0.5828658250353416
vn -0.7458753010045717 -0.00007263218887337686 0.6660856026637303
vn -0.6706989442548652 -0.00008425904569192795 0.7417296805951764
vn -0.5878943908760051 -0.00009574234166475376 0.8089376836381991
vn -0.4984034119134343 -0.0001070820315100246 0.8669452275239111
vn -0.40324385126638174 -0.000118278166807681 0.9150925540217949
vn -0.3034979353588783 -0.00012933069745850304 0.9528320872569672
vn -0.20030022014920645 -0.0001402397198714111 0.9797345569801038
vn -0.09482441779857369 -0.00015100510691098368 0.9954940014819875
vn 0.011729892028283999 -0.00016162692484403485 0.9999311893874208
vn 0.11815081122996272 -0.00017210524429710005 0.9929956476165878
vn 0.22322790538560858 -0.0001824399095511426 0.9747662637642077
vn 0.32576614409619964 -0.00019263103480919848 0.9454503594869371
vn 0.42459928054332324 -0.00020267859062398112 0.9053813615728352
vn 0.5186032197133581 -0.00021258257613637532 0.8550150029745599
vn 0.6067088425685945 -0.00022234301216156967 0.7949241038694582
vn 0.6879140375394933 -0.00023195987958220154 0.7257921349468641
vn 0.761295212042749 -0.0002414331869753879 0.6484053838693833
vn 0.8260177914218465 -0.00025076296709841445 0.5636439881454506
vn 0.8813457100207611 -0.00025994916242846417 0.47247187414113156
vn 0.9266495581971167 -0.0002689917710853665 0.3759262214005765
vn 0.9614141714826284 -0.0002778908566828829 0.2751049138947595
vn 0.9852441231598404 -0.0002866463700265492 0.17115471250554504
vn 0.9978683898770466 -0.0002952583223532476 0.0652578677763342
vn 0.9991433858993448 -0.0003037267378867161 -0.04138118127436281
vn 0.9890546108036143 -0.0003120516164176472 -0.14754958309632626
vn 0.967716811285266 -0.0003202329092748895 -0.25203981948644727
vn 0.9353726513132627 -0.0003282706895936203 -0.3536635341868763
vn 0.892390039761727 -0.0003361649098147823 -0.45126478250270863
vn 0.8392578118228942 -0.00034391555978131096 -0.543733580916551
vn 0.7765802422193425 -0.0003515226542692087 -0.6300182567405256
vn 0.7050702798221665 -0.0003589862432559928 -0.7091373432843379
vn 0.6255411335544795 -0.0003663062716846256 -0.7801911022634724
vn 0.5388973886353906 -0.00037348275786641753 -0.8423713344081611
vn 0.44612451723861796 -0.0003805156973370766 -0.8949708209357522
vn 0.3482776838923439 -0.00038740509893965547 -0.9373913296056635
vn 0.24646962037118914 -0.000394150940447745 -0.9691504376922696
vn 0.141858384243153 -0.0004007532558847218 -0.9898868815257378
vn 0.035633686311906644 -0.00040721199933109085 -0.999364835572181
vn -0.07073549295845137 -0.00043766914295510247 -0.9974950117577763
vn -0.17578559781760894 -0.0004173146365521451 -0.9844283871609959
vn -0.2788658380721171 -0.00039568784153213367 -0.9603299890076682
vn -0.3788210171001425 -0.00037278872503978606 -0.9254698795918644
vn -0.47453102356917465 -0.0003486172637085927 -0.8802387097466203
vn -0.5649233002761697 -0.0003231734524016459 -0.8251433574622049
vn -0.6489849859490927 -0.0002964573001758784 -0.7608011567589295
vn -0.7257739127556709 -0.00026846871402349333 -0.6879332492966691
vn -0.7944296044830451 -0.00023920768708661968 -0.6073561939262617
vn -0.8541827197682408 -0.0002086742314424886 -0.5199729201644989
vn -0.9043636609602651 -0.00017686821791718481 -0.4267626242446502
vn -0.9444100356100739 -0.00014378971681842134 -0.3287699255763764
vn -0.9738730914995577 -0.00010943862577393613 -0.22709290978866128
vn -0.9924226444901352 -0.00007381496865558479 -0.12287102691260186
vn -0.9986060154947036 -0.00005546341649089487 -0.0527827883083209
vn -0.9986295347422466 0 -0.052335956478162166
vn -0.11405190901993839 0.0003545866662681268 -0.9934747285750171
vn -0.21785793606537524 0.00033451557647443656 -0.9759804341238938
vn -0.3192496913942669 0.0003132279398034817 -0.9476705843450682
vn -0.41710364205026335 0.00029072374609130354 -0.9088588819327835
vn -0.5103353253209313 0.0002670029057274624 -0.8599754557189571
vn -0.5979116365525393 0.00024206544129485078 -0.8015619853008162
vn -0.6788619501984555 0.0002159113274435071 -0.7342658959498585
vn -0.7522893728356395 0.0001885405699518894 -0.6588328042614557
vn -0.8173801052279513 0.00015995304657495028 -0.5760987224361516
vn -0.873412836853041 0.000130148792097771 -0.4869804918901934
vn -0.9197666472150827 0.0000991277756394521 -0.39246567345999805
vn -0.9559278440369372 0.00006688992983283185 -0.29360169025506366
vn -0.9814957197204645 0.000033435225590643816 -0.19148407519293362
vn -0.9961869297424647 -0.0000012363588203967844 -0.08724448984751444
vn -0.11130052804738827 0.9937819242291633 0.0031111945863231535
vn -0.11120939522283381 0.993708574834437 -0.013256647942974138
vn -0.10819082963702284 0.9937085744922454 -0.0289484604606643
vn -0.10296980536724532 0.9937085745852475 -0.044050970232077956
vn -0.09565261973155506 0.993708573966202 -0.05825672806249749
vn -0.08638821741399652 0.9937085738363609 -0.07127654716761878
vn -0.07536520237940501 0.9937085738807064 -0.08284537685522185
vn -0.06280797119145791 0.993708573752107 -0.09272771541651484
vn -0.04897213840482193 0.9937085739091949 -0.10072238976222296
vn -0.034139384375032854 0.9937085739473343 -0.10666664191793587
vn -0.018611647642184464 0.9937085751443054 -0.11043945969044529
vn -0.008007599902166167 0.9936803492438254 -0.11196089438047623
vn -0.01591299671294502 0.9748044676125203 -0.22249275596810936
vn -0.02861042804869562 0.9160570859303759 -0.4000260725548
vn -0.0424480961349292 0.8037123113912608 -0.5935020468815899
vn -0.054140889882219365 0.651181241788419 -0.7569886091518513
vn -0.06311083727697468 0.46623916487902556 -0.8824047049688186
vn -0.0689203721510076 0.25818949276384495 -0.9636327973501706
vn -0.07089288629869143 0.11168276671607548 -0.991211964360239
vn -0.16479063247958203 0.11193315830086212 -0.9799566396120665
vn -0.30257568227740045 0.11193315111539102 -0.9465299393974524
vn -0.4342011394719426 0.11193315384194527 -0.8938346265122323
vn -0.5569875085808101 0.11193316119331777 -0.8229434261905327
vn -0.6507431063595484 0.11196448301054779 -0.7509975792702039
vn -0.7509976096523455 0.11196447263898932 -0.6507430730811785
vn -0.8485167152779121 0.11193315106293925 -0.5171946960160205
vn -0.9134845208119011 0.11193315771210076 -0.3911738723913568
vn -0.9598564139777982 0.11193315953297127 -0.2571898760500662
vn -0.9866883959991706 0.11193315917650719 -0.1179702380999142
vn -0.99337343743197 0.11192630794075946 0.02610968010800167
vn -0.9790852292684354 0.11193115518920993 0.1698927023929637
vn -0.9435596689498503 0.11193116274287332 0.3117155208491832
vn -0.8876088883960825 0.11193117532529594 0.44679063691013987
vn -0.8124440889936531 0.11193115983753997 0.5721940385190118
vn -0.719692282596248 0.1119311515168498 0.6852112343588029
vn -0.6113613267170075 0.11193115299510324 0.7833956504755482
vn -0.4897962653045851 0.11193115589735539 0.8646219028183143
vn -0.3576285323742131 0.11193114771719721 0.9271317333597082
vn -0.24145236219045835 0.11196447726954438 0.9639319024819156
vn -0.11743142120356195 0.07397316929979274 0.9903220847471069
vn 0.04097303078160713 0.026374308875746228 0.9988120977340514
vn 0.18869075187077375 0.022767478609769864 0.9817726020195288
vn 0.33225014768472777 0.019961580611694688 0.942980049981419
vn 0.46846526548787554 0.01795709121173232 0.8832994044527528
vn 0.5943156665608327 0.01675429619796852 0.8040573250952098
vn 0.7070122531717127 0.01635334866450743 0.7070121935670665
vn 0.8040573251203021 0.016754294335846166 0.5943156665793796
vn 0.883299378991114 0.01795709376848997 0.4684653133982302
vn 0.942980049981419 0.019961580611694688 0.33225014768472777
vn 0.9817725992590675 0.022767478545754283 0.18869076624139094
vn 0.9988120977340514 0.026374308875746228 0.04097303078160713
vn 0.9937153811173463 0.030781294396351945 -0.10762087737094578
vn 0.8868855371587732 0.38715178357750357 -0.25208637498157715
vn 0.8763175449864051 0.2931911296814452 -0.3822388282541661
vn 0.8092663738975344 0.2943417377117223 -0.5083806423533255
vn 0.7241638100127372 0.295626214813459 -0.623050493445678
vn 0.6271182411970356 0.29635394155000777 -0.7203450929142997
vn 0.4987871779019314 0.2938222664947719 -0.815401635313851
vn 0.3862524838182041 0.19512821286963555 -0.9015176089719881
vn 0.24693850585610377 0.19814730709398234 -0.9485562814176911
vn 0.12191396943469586 0.11231187723468075 -0.9861658208885046
vn 0.07310448433042392 0.11166488889222985 -0.9910533219557203
vn 0.008526118678513673 0.99367609044128 -0.11196040633015386
vn 0.01694319796317682 0.9747879658065456 -0.22248898795562397
vn 0.033091195282407754 0.9000464178243138 -0.4345358656732518
vn 0.04742717761042514 0.7809516817370254 -0.6227881932214361
vn 0.057635643533157574 0.6510536777434398 -0.7568403010485503
vn 0.06717985087739255 0.4661150549944421 -0.8821698380377894
vn 0.07337035188030895 0.22706164262711143 -0.97111266180214
vn 0.01695453226778678 0.9937122087719034 -0.11067334807100411
vn 0.03076978255858378 0.9937080875835167 -0.10769149062208823
vn 0.04672243878034012 0.9937080867248266 -0.10179023574047735
vn 0.06396175321001348 0.9937122093555424 -0.09189634978620217
vn 0.0792270537138692 0.9937080876999502 -0.07916634638233419
vn 0.08853879768764487 0.9937122090137623 -0.06853412989901381
vn 0.09649759657975121 0.9937080871662703 -0.05685465112621742
vn 0.10499493267507651 0.9937122090370297 -0.03888585505428235
vn 0.10515674199699644 0.994252025709069 -0.020123841233472408
vn 0.10310844343185392 0.9946606766066446 -0.004334432543309359
vn 0.10223715662970731 0.9946978005220825 0.01112876636490093
vn 0.09913906740387646 0.9947272229400359 0.026252566661067987
vn 0.09388968364573232 0.9947491305211204 0.040729530225371215
vn 0.08660529441859442 0.9947636594837839 0.0542658709420482
vn 0.07744076966658212 0.9947708997523145 0.06658666682916647
vn 0.06658666682916647 0.9947708997523145 0.07744076966658212
vn 0.0542658709420482 0.9947636594837839 0.08660529441859442
vn 0.04072953394448165 0.9947491303701878 0.09388968363148649
vn 0.026252570383790932 0.9947272228427531 0.09913906739418081
vn 0.011128765442170778 0.994697801290079 0.10223714925806311
vn -0.004334432539979571 0.9946606758425285 0.10310845080322475
vn -0.05159722577866154 0.955146777843261 0.29160308480463987
vn -0.09407290023065946 0.9550456355769631 0.2811371967698101
vn -0.1346105483774466 0.9549296481414242 0.26455503655386914
vn -0.17233967955321058 0.9547986484747012 0.242195325558485
vn -0.20644667967154162 0.9546524389166926 0.21451920502138364
vn -0.23619168385485953 0.9544908157303454 0.18210099166184088
vn -0.1738471072299193 0.9801368609108783 0.09544064748082255
vn -0.1865873460791897 0.9800192582367622 0.06890149322178091
vn -0.10902592775645922 0.993852338833488 0.019258132621029614
vn -0.1380655465287412 0.2223693426843661 -0.9651371821123891
vn -0.12691518617812678 0.4336086495708923 -0.8921188679400736
vn -0.10943198546349253 0.6231426195517222 -0.7744145635612332
vn -0.08649695632918478 0.781478640551014 -0.617907283423918
vn -0.059258757196353894 0.9006797989919343 -0.4304233954879689
vn -0.026469008369758556 0.9747521050222934 -0.221715415229815
vn -0.2740136016247362 0.22236936710773728 -0.935664689243291
vn -0.25258514247588176 0.43360865051744785 -0.8649764644178917
vn -0.21852881337262 0.6231426177657795 -0.7509583448167857
vn -0.17355392844797501 0.7814786421345242 -0.5993080725368678
vn -0.11991122653774836 0.9006797888224835 -0.4176089268165844
vn -0.057752995085696486 0.9747521011629924 -0.2156917542164349
vn -0.4043834723427318 0.22236936833216928 -0.8871447859980846
vn -0.37311317805548183 0.4336086428962719 -0.8202256403984161
vn -0.32317700503277647 0.6231426504317282 -0.7122147573807815
vn -0.25707781358087106 0.7814786447317071 -0.5685086855913224
vn -0.17812263738827291 0.9006798152693156 -0.39629306884713117
vn -0.087861282266513 0.9747521020850421 -0.20527721393100556
vn -0.5175626862316076 0.20044292464422098 -0.8318362217292499
vn -0.49812193819928385 0.41898908466683793 -0.75915919385504
vn -0.42124628011153686 0.623142644730237 -0.6589725455668074
vn -0.3353683744893617 0.7814786654145376 -0.5261360554973179
vn -0.23909956142003674 0.890803215100771 -0.38639491675599924
vn -0.12828752487131467 0.9710093207694226 -0.20170079311023192
vn -0.6384759610017378 0.22229360269233056 -0.7368405535968903
vn -0.5926038249205019 0.45387722765039695 -0.6654443394529558
vn -0.5107401792645031 0.6231426224142891 -0.5923155758677178
vn -0.41205705459170966 0.7673890226851371 -0.4912464469322448
vn -0.28471636558385355 0.9005396298505174 -0.32858022800742986
vn -0.13033145697268259 0.9796203994319495 -0.15283188260361644
vn -0.7416298803073115 0.24429810936400484 -0.6247427905918848
vn -0.6801297218265214 0.4336086607031848 -0.5911066662213926
vn -0.5898368096049271 0.6231426915299259 -0.5136007437961129
vn -0.4572008097864111 0.7913138519166393 -0.40594310844686204
vn -0.31577720819094574 0.9103668211292691 -0.2674266362465065
vn -0.165196653612546 0.9747521070696363 -0.15022781166788218
vn -0.8198157409007583 0.22236936905009078 -0.5276874213770929
vn -0.7585619839980253 0.4133354806248013 -0.5037236314584063
vn -0.670201236667768 0.610394294201172 -0.4221955802417259
vn -0.5337659788880971 0.7673890098529943 -0.3552576351585881
vn -0.37955147913255277 0.8935072630433941 -0.239969676369732
vn -0.18489484061013564 0.9747521055629982 -0.1251887799135933
vn -0.8851260877831217 0.2004429191831125 -0.41996957613034014
vn -0.8197305737927922 0.4334715274712344 -0.37435841283600707
vn -0.7025089497749689 0.6407264684323137 -0.3097592099297859
vn -0.5530483664410004 0.7913138186994433 -0.26069128238636086
vn -0.3783287964520117 0.9103668241878569 -0.16762925518324112
vn -0.20082909886906014 0.9747521052150679 -0.09760126242131525
vn -0.9289896402947292 0.2379669674257188 -0.2834607038714128
vn -0.864473284032791 0.4338837567715323 -0.2538322808536835
vn -0.7619996411329952 0.6103942785573889 -0.21627614666807596
vn -0.6122323400806936 0.7673890152796979 -0.19048795496664236
vn -0.43178425172862217 0.8935072615242355 -0.12331720708244752
vn -0.21267505974555223 0.9747521049482772 -0.0680268539705351
vn -0.9649398999537425 0.2223693597091699 -0.13943764678090076
vn -0.8835098640368446 0.4479566164210185 -0.13691307444590084
vn -0.7738735406226986 0.6234898350002243 -0.11126620679919594
vn -0.6177963425340743 0.7813051103786947 -0.08882569249747696
vn -0.41023042668654536 0.9103668303386705 -0.05425155518229226
vn -0.22019157718908913 0.9747521022348258 -0.037067620961818995
vn -0.9795703557007758 0.20071887023087984 -0.012403764166362099
vn -0.9078149957747464 0.41923297200685733 0.01075400524430998
vn -0.7718498663328247 0.6357635223806613 -0.0072475825028052955
vn -0.6234891626085723 0.7818307545682115 0.0013911581371512688
vn -0.44878776749973387 0.8936276810552005 0.004371200579911156
vn -0.2232188151394122 0.97475571139359 -0.004966253450366635
vn -0.9622553802247231 0.2379661851717841 0.13204801378044845
vn -0.8795055248178524 0.45387509966788 0.14306441107538287
vn -0.7889720807298053 0.6055244810918766 0.10422647757309625
vn -0.6173938149353322 0.7813051041267495 0.09158172058378215
vn -0.40858826938102927 0.9103661975421067 0.06549055273046209
vn -0.2210125632733096 0.974890652670885 0.027233475912873183
vn -0.9417014126263487 0.20044161388392415 0.2702251077919066
vn -0.8662732682107473 0.41898810101830625 0.27206542593380784
vn -0.7414145265500482 0.6355348650445996 0.21540644171730472
vn -0.5775804352570917 0.7954767712313158 0.1833508855708903
vn -0.38476201773989643 0.915647623117175 0.11639424377773855
vn -0.21631714838336233 0.9746717872217109 0.05676088890535867
vn -0.8824894686906869 0.23796615702007595 0.405690085857574
vn -0.8144661964540334 0.43388373620543996 0.3852138604594959
vn -0.7128580324178003 0.6103932953059367 0.345330929201226
vn -0.5840806914689046 0.7673864303700744 0.26451429514693775
vn -0.34542975648022756 0.9245606283831792 0.16082887732528575
vn -0.20222890756767326 0.9760010425724632 0.08078015747354389
vn -0.8110485670818347 0.222369372786231 0.5410656927593551
vn -0.7489386039027219 0.44795521125550314 0.48828997152642734
vn -0.6325521636828438 0.640724377930738 0.4351436909176342
vn -0.444509199646695 0.8435876207107242 0.3012830855077563
vn -0.28334378834241614 0.9402869223651343 0.18861813602321434
vn -0.18637495830729134 0.9763337163009191 0.10971257598831452
vn -0.7228794319050462 0.22236937964762915 0.6542149386277923
vn -0.6685982758559534 0.4336086392267667 0.604119105400879
vn -0.5808129827416697 0.6231425915582597 0.5237839150496899
vn -0.3616322940016371 0.876964227224954 0.31647405597118483
vn -0.3366396144683982 0.9007369917521718 0.27449342735267107
vn -0.1665588047745345 0.9766338026743138 0.13581082440655562
vn -0.619062075576464 0.2223693464541896 0.7532025095155334
vn -0.5884789288684796 0.41333300298408604 0.6948729228585354
vn -0.4967680781949599 0.6103932747496652 0.6169615276715933
vn -0.31174951306395765 0.8764008147166942 0.36706110263592384
vn -0.29113567451455385 0.9007772385474482 0.32224274319182056
vn -0.14325028822748603 0.9769029133673491 0.15855615023431904
vn -0.50184386683065 0.22236935667825983 0.8358855199935921
vn -0.4821261335994786 0.43350281146551006 0.7613341603736932
vn -0.38552436277889407 0.6230286367111365 0.6805925973310247
vn -0.25478851531001434 0.8758879809156134 0.40975975565407663
vn -0.23894029846305595 0.900813698413382 0.3625496028424115
vn -0.1169842430062628 0.9771424723676776 0.17750288894391034
vn -0.3737623191117205 0.2223693636315298 0.9004740945359488
vn -0.3514403340131532 0.44795521294915985 0.8220862599632695
vn -0.2841950363996863 0.6407243625292509 0.7132359164731302
vn -0.19200058293576455 0.8754267698107897 0.4435805979198971
vn -0.18125660245038044 0.900846279028553 0.3944895760708451
vn -0.08834998064190096 0.977353724510063 0.19228618802941494
vn -0.22807407815442346 0.20662366249045072 0.9514666977740431
vn -0.23488224291292284 0.41333301532994016 0.8797648267590914
vn -0.1955578744871831 0.5935047179816659 0.7807107450647508
vn -0.1248596550064077 0.861786257295465 0.4916650417594843
vn -0.11941329641656889 0.9008750509478225 0.41733033345143633
vn -0.05797938894057422 0.9775377329119573 0.20262865343141492
vn -0.13592407460872838 0.23420738292913892 0.9626378071337343
vn -0.13702662455385584 0.4395572298448815 0.8877010453156349
vn -0.1118892960960501 0.651671175941352 0.7502036149382018
vn -0.019983638581174905 0.17897992286753714 0.9836497554512923
vn -0.0870500420641183 0.8745961686618648 0.4769736176547105
vn -0.022574866135493046 0.44543996344643266 0.8950271584615772
vn -0.10066937842380076 0.905891077671946 0.41137213279721113
vn -0.025381832270448365 0.610996802475525 0.7912260549016816
vn -0.036367754630820086 0.980156222568437 0.19486191465621225
vn -0.013205155772416715 0.7750156546546456 0.6318040510326421
vn -0.01154210588087829 0.9063471425048168 0.42237617956649465
vn -0.00818160352922329 0.9712564234981088 0.2378949793025334
vn 0.031513303498454666 0.23849442586188427 0.970632433280191
vn 0.022314202477270693 0.4229411267585355 0.9058823762851465
vn 0.015605524085250044 0.6311190089069504 0.775529022161217
vn 0.12486574431164288 0.176007459345672 0.9764373611001276
vn 0.01933331390879017 0.7918478747521809 0.6104122919992344
vn 0.1090981010126597 0.44331095370501716 0.8897038848294301
vn 0.010030829243041222 0.8954817559297061 0.4449851764516964
vn 0.09402319478278987 0.6315424233628852 0.7696192606320165
vn 0.003684772280838496 0.9785006914022598 0.20621061897617587
vn 0.07425031081787832 0.788171829475288 0.6109599484131721
vn 0.05076817527417492 0.9053353853276485 0.42165202768748666
vn 0.17824916563177953 0.23973079054797763 0.9543355714919234
vn 0.026894692250505132 0.9709393352813113 0.23780976164202383
vn 0.1590301123442896 0.4250936282336977 0.8910694869665741
vn 0.1351294512417024 0.6020076848197254 0.786973175416488
vn 0.2671093931512208 0.17330413996940133 0.9479547706298295
vn 0.11566805707167685 0.7682356150448048 0.6296307968563749
vn 0.23564361210004367 0.4172451228942526 0.8777121370343492
vn 0.07687397534427953 0.8965382251946491 0.43624488842804315
vn 0.2086459831043738 0.6229178266864781 0.7539497562375124
vn 0.03455711822081819 0.9787873997743629 0.20194313957947138
vn 0.16422761957850185 0.7977545848263807 0.5801869624147616
vn 0.11632351575770614 0.8927692173751565 0.43523782486029117
vn 0.3207165682850148 0.24092953537968356 0.9160206557765023
vn 0.06919590460352229 0.9657592880325115 0.2500418452280275
vn 0.2850376757223386 0.4448942089050009 0.8490127597990506
vn 0.2528839689604 0.6234511093197731 0.7398367472157487
vn 0.20942302630177456 0.769025466355086 0.6039385963423338
vn 0.4036338426278462 0.17087839954313486 0.8988216139229498
vn 0.13424828546477505 0.9060257008317982 0.40136620097115444
vn 0.36201087277659266 0.41610950964091253 0.834146871946379
vn 0.057683707853984044 0.9839679270642975 0.16875932080038
vn 0.31836405071044693 0.6080224451858367 0.7272915765808594
vn 0.25936224896687166 0.7813628863781664 0.567629512623883
vn 0.17266861660478341 0.9032876860592836 0.3927555283550515
vn 0.45138938935992357 0.22251137460548817 0.8641390555601868
vn 0.09570082936797085 0.9703224214830666 0.22207149665258843
vn 0.41724100147962406 0.43345561040772956 0.7987654101739401
vn 0.3510047245971943 0.6521207780587164 0.6719629261607682
vn 0.2849819170722864 0.7941147386001497 0.5368119678992078
vn 0.5255213352655663 0.18738163910663305 0.8298888163521714
vn 0.20777935382725848 0.8897912756263503 0.40632404056658944
vn 0.48201851438076193 0.43387480131127126 0.7611903891808329
vn 0.1001579784132188 0.9763213020590313 0.19174226061548072
vn 0.4305862613884641 0.593494909697273 0.6799700461541898
vn 0.3421125579945389 0.7723466460327131 0.5352005755083342
vn 0.22140614533486608 0.9082574184766429 0.35503208388834484
vn 0.5770378007277598 0.22251854430050147 0.7858198737456669
vn 0.11905104325069095 0.9749266821317866 0.18800216373336912
vn 0.5333813458314746 0.43346753955688533 0.7263678352388031
vn 0.44870444865178766 0.6521335205362636 0.6110533439504884
vn 0.3624375656117491 0.7948170671315259 0.4867287137922606
vn 0.6416397123376693 0.18708981657119972 0.7438386115862687
vn 0.2572998057826529 0.8996582457179035 0.35272064138067305
vn 0.5865076865477397 0.4544052547628832 0.670465955932363
vn 0.11757288668777176 0.9795832463656616 0.16307446077058144
vn 0.5096215965398108 0.6240879007778022 0.5922838174751784
vn 0.40601171915018913 0.7822340509483917 0.47250859616474383
vn 0.6907406513980697 0.24431413640805538 0.6805791322523459
vn 0.29336869541321875 0.8910939640197548 0.34624609144235247
vn 0.6387158079994145 0.41336310193039766 0.648978476202512
vn 0.1694376013136332 0.9657680939935589 0.1964252730305614
vn 0.5627783521477516 0.6104055626342054 0.5573917612048821
vn 0.4403120082451115 0.7814800918834306 0.4420567852493856
vn 0.7499511153150688 0.13812255695896936 0.6469122690881666
vn 0.2949361254292256 0.9074881228169139 0.29912871621265313
vn 0.6823721705464175 0.4334705584691107 0.5886182938069869
vn 0.12590176073613227 0.9840210837614627 0.12590176073613227
vn 0.585015224779891 0.6403105121563054 0.49775459294502095
vn 0.4723813919540649 0.7807236458822151 0.4090555088199179
vn 0.7785671428366381 0.25880217801578476 0.5717120225686003
vn 0.32894265398288874 0.9001547028812806 0.28551399487837176
vn 0.7215393894263452 0.45486808533035855 0.5219922743241999
vn 0.1841530940059608 0.9694372965169885 0.16210788410766613
vn 0.6286308764858713 0.6249704360412468 0.46285545821889035
vn 0.5127790490446358 0.7681625365857708 0.3833848774364913
vn 0.3621720314390192 0.8940082046188402 0.2637816326386885
vn 0.8360763898488586 0.16412580229731252 0.5234873363870064
vn 0.15908804511522548 0.9800622448229663 0.11903356742526076
vn 0.7622594793359585 0.43033110869528257 0.4835034881482887
vn 0.662161011921872 0.6202931584905834 0.4204511765001718
vn 0.5157415758698466 0.790225548862115 0.33098974129851266
vn 0.8622036887368796 0.24640697916597987 0.44259281483866686
vn 0.3522297773736003 0.9096492616085075 0.22016449483611347
vn 0.7965732724921173 0.43780913465569204 0.416886295245158
vn 0.20692351629481212 0.9691522796640575 0.13388994445495517
vn 0.6901845211684424 0.6267863995225257 0.36164089386168274
vn 0.5492213170272093 0.7843861296910372 0.2882608965350887
vn 0.38073209834681626 0.9027054524791062 0.20041440904516492
vn 0.9039605190421498 0.1632200615974791 0.3952399163864432
vn 0.17429610696011072 0.9802867550379591 0.09305237770040051
vn 0.8259132667151029 0.42813379415799024 0.3668361080426394
vn 0.7180743155153654 0.6183788722734684 0.31933814010063505
vn 0.5861389244747185 0.7655495671378364 0.26528290836518575
vn 0.918971425484835 0.2474078254568733 0.30705192890628685
vn 0.4276515062982671 0.883843505425611 0.18956488883174344
vn 0.849556190565512 0.4398947865679943 0.29111313234224645
vn 0.2371674031252318 0.9657636881823864 0.10512907059033857
vn 0.7356173036973309 0.6285912000918105 0.2524683854826311
vn 0.5745778526576203 0.7935077336354884 0.20051375986706896
vn 0.37871169635708063 0.9164173504271449 0.12944763759309705
vn 0.9522399338446478 0.16264580245093613 0.25842881289947545
vn 0.16875926754499318 0.9839679368062162 0.05768369748027294
vn 0.8718091161651078 0.4259269194615898 0.24194033200228118
vn 0.7586220846114271 0.6164532694444025 0.2108978409825943
vn 0.9596447685312928 0.22248274976799035 0.1719980938446573
vn 0.6196062008524656 0.7648210574543272 0.1764565270530359
vn 0.8926858885459218 0.4228986791891603 0.1557838615872705
vn 0.4368752029338701 0.8915948447727974 0.11915825542555215
vn 0.7793131375763944 0.6093345210248196 0.14622747720004334
vn 0.23902115214722225 0.9685962195678968 0.06848541644024074
vn 0.6144271659136075 0.7812501999436317 0.11012439727602485
vn 0.4039758692260863 0.9120762832248961 0.07014521125270812
vn 0.9743995233019807 0.1900056930293191 0.12018072060576533
vn 0.1921080799301885 0.9807063348242757 0.03618798780081688
vn 0.8875535701787781 0.44895705455468965 0.10337419034015287
vn 0.7690971836984744 0.6314368636495026 0.0988787603661913
vn 0.9746286415928174 0.2224612864692491 0.02469791508176705
vn 0.6188872849202494 0.7817620378110038 0.07633246230555368
vn 0.9055509414302215 0.4238123822150746 0.01898834263497239
vn 0.4643221010108682 0.8838129250330515 0.057268665580529836
vn 0.7917188768133138 0.6103168545656563 0.026354451816503824
vn 0.25751035892272145 0.9657534168383562 0.0317608707772856
vn 0.624056375270072 0.7812192740663879 0.01581411748928601
vn 0.40015623002230594 0.9163908368981418 0.010140297010385635
vn 0.17881219429753822 0.9838727900105967 0.004531252284263267
vn 0.9836497554146785 0.17897992286087505 -0.01998364044307626
vn 0.9004754272223675 0.433648251133866 -0.03306356389190859
vn 0.776004977652814 0.6305418076110356 -0.015274276174774644
vn 0.9582158511702243 0.25870684287650075 -0.1220375024940947
vn 0.6234320831498853 0.7817277103260756 -0.015304398313738353
vn 0.8805257086184773 0.4592490496441448 -0.1173234284483628
vn 0.4549784803725241 0.8904112262003865 -0.01274482852897622
vn 0.7857893955029255 0.6113159850752133 -0.09395633191365366
vn 0.25069316868414776 0.9680577976202855 -0.004127425549138404
vn 0.6193016116654375 0.7811814477459588 -0.078873693245083
vn 0.4047790233325604 0.9128445530337185 -0.05356084639556646
vn 0.19221335780960785 0.9810871549000019 -0.02284774758647977
vn 0.9732355900374995 0.15025229487916578 -0.17388713054134977
vn 0.8930384973826315 0.4070394273851356 -0.19183624982404252
vn 0.756918276802968 0.6224976986006001 -0.19892545709029302
vn 0.7597970263652913 0.610298386897554 -0.22415253216661202
vn 0.43425740453015194 0.8948884926535479 -0.10293246488352122
vn 0.21148337519182103 0.9762843891305981 -0.04629874250312253
vn 0.9070108981058785 0.2958877336416465 -0.299635912062586
vn 0.785025837728093 0.5380530375803879 -0.3069745312722595
vn 0.6988924123934834 0.6828007080750021 -0.21291451089837177
vn 0.38628684859889123 0.9103655074256762 -0.14838164808738438
vn 0.23130171350800682 0.9695718435069101 -0.08018701644825041
vn 0.8524023502055091 0.29885605705484436 -0.42906327100528685
vn 0.7757647622440308 0.4653359942923189 -0.4262058728788722
vn 0.5537476124888527 0.7712537898838608 -0.31389675572180853
vn 0.38122567578698613 0.9006794105494269 -0.2084312441384271
vn 0.1979426330450183 0.9747502384468327 -0.10334740766486583
vn 0.7793621617205453 0.302184857590454 -0.5488888163565692
vn 0.6816832231634392 0.511434361866763 -0.5232044311351364
vn 0.49304060497768304 0.7818314770622202 -0.3816418521571594
vn 0.35291936830302767 0.8935065824174017 -0.2776578949955626
vn 0.166487141387815 0.9781905350638255 -0.12419866691740568
vn 0.6895362098062736 0.3058703523708085 -0.6564930638678187
vn 0.6147338174292053 0.46123048830907043 -0.639819326343846
vn 0.4426744695007072 0.7712537846197377 -0.45739142292132995
vn 0.2913121545033743 0.9006278403428057 -0.3225007315310393
vn 0.15589611597178998 0.9747619857063929 -0.15979822354031278
vn 0.6039456913253105 0.190661317088807 -0.7738849165706448
vn 0.554460150642084 0.433358059757879 -0.7104750054666554
vn 0.49559955024084207 0.5079130058860367 -0.7045604759372227
vn 0.3393547215963138 0.8044373939428582 -0.4875642031124835
vn 0.2322844092195267 0.9103655118415369 -0.34245961525854696
vn 0.1440357132545174 0.9695718380644012 -0.19794990310601496
vn 0.4831727329656504 0.19766903941308767 -0.8529191409365905
vn 0.3886651023818513 0.4052116196734907 -0.8274919827237551
vn 0.3971410988054037 0.5389814374513966 -0.7428175803805823
vn 0.27699261790128177 0.7814782825835197 -0.5590767241430347
vn 0.1938259574613698 0.9006793969670621 -0.38885488564917436
vn 0.10342498299186041 0.9747502373197606 -0.19790211655816992
vn 0.35223454801289755 0.20522591800458984 -0.9131336954495345
vn 0.2779789828052839 0.36649941910720757 -0.8879222155755644
vn 0.2360562835336202 0.6231425415564011 -0.7456344975300728
vn 0.20236993923593355 0.76738356017591 -0.6084150550942916
vn 0.1310462073605922 0.8935065974714015 -0.42950302887346853
vn 0.07226444916830488 0.974750239120704 -0.21128137807325104
vn 0.1501536950036408 0.22191487026091677 -0.9634353420099525
vn 0.15453404502148083 0.365181721716332 -0.9180204458799349
vn 0.12187369971126077 0.5935047297240754 -0.7955494561080673
vn 0.09451352811948646 0.7813051348791652 -0.6169517640900759
vn 0.06570204927522494 0.9009688866499119 -0.4288802933335291
vn 0.0338566483718776 0.9746849369953271 -0.22100452700213769
vn -0.9975669296251651 0.002764043839548825 0.06966046927687208
vn -0.9868619680049036 0.0035687150363226203 0.16152622195321245
vn -0.9540233448913553 0.004812725737345161 0.29969366872406134
vn -0.9019450521821899 0.005543020539451373 0.43181523568230645
vn -0.831678471994573 0.005759668688059477 0.5552276519026913
vn -0.7443436687073746 0.005606147239830824 0.6677732204636326
vn -0.640728066755687 0.004263924037829846 0.7677560572364893
vn -0.5224717764649875 0.0040435571452065045 0.8526469916930064
vn -0.393143299202052 0.003785015345180495 0.919469423064934
vn -0.25548324114811993 0.0034882964272585615 0.9668071913677966
vn -0.11240878603743046 0.0031533993041527927 0.9936570439011742
vn 0.033048185907991225 0.0027803198443078977 0.9994498923056395
vn 0.17780518620414498 0.002369054837783471 0.9840628553797187
vn 0.3187946685352666 0.001919602630907618 0.9478218579665848
vn 0.45302857658371976 0.0014319582434433856 0.89149484479391
vn 0.5776623283509148 0.0009061191493152685 0.8162753293786889
vn 0.7071065392667963 0.0008271954239373954 0.7071065392667963
vn 0.8162753094889408 0.0009061191934014093 0.5776623564563829
vn 0.8914948325608345 0.0014319583195336867 0.45302860065640554
vn 0.9478218669723062 0.0019196022999007367 0.31879464176196876
vn 0.9840628553797187 0.002369054837783471 0.17780518620414498
vn 0.9994498923056393 0.002780319844307897 0.03304818590799122
vn 0.9936570439011742 0.0031533993041527927 -0.11240878603743046
vn 0.9668071913662263 0.0034882968929141854 -0.255483241147705
vn 0.919469423064934 0.003785015345180495 -0.393143299202052
vn 0.8526469916930064 0.0040435571452065045 -0.5224717764649875
vn 0.7677560817056884 0.004263924308357701 -0.6407280374335282
vn 0.6660849336777536 0.004466145687766319 -0.7458625306785417
vn 0.5503629544328182 0.0044892710504067295 -0.8349134475102289
vn 0.42331308982805654 0.00462286230215443 -0.9059716646365706
vn 0.28729290167677923 0.004718283722275466 -0.9578311575872088
vn 0.14518472346038136 0.004775535247430009 -0.9893930413828638
vn 0.0014949277594090726 0.00445754442191959 -0.9999889476832835
vn -0.997868374897924 0 0.06525876476440735
vn -0.9939510429175532 0.00042541873112866537 0.10982323662145149
vn -0.9697319404343808 -0.0006610613292022487 0.24417110127795547
vn -0.9274401853865177 -0.0013756268006950578 0.37396899628328345
vn -0.8678645891255967 -0.0017183540232923228 0.4967978484266108
vn -0.7921156766406349 -0.001689281755356598 0.6103686600303951
vn -0.7524744184685654 -0.009326386156949128 0.6585554403933247
vn -0.7075046071326776 0.005646223950469484 0.7066861757818221
vn -0.7066850611946204 0.005918808239305489 0.7075034925662076
vn -0.6722351370418681 0.0007584435581228364 0.7403373185850283
vn -0.5905667545222283 -0.0030110995294446814 0.8069831731409931
vn -0.46854919728073713 -0.0027917975411690965 0.883432994399726
vn -0.336817024545382 -0.002537532697538071 0.9415667012507423
vn -0.19810151601402912 -0.0022483032148947336 0.980178929831486
vn -0.05527861417492649 -0.0019241052218068762 0.9984691145118085
vn 0.0886904836528304 -0.0015649374386289426 0.9960580048773466
vn 0.2308208598860035 -0.0011707964355151094 0.9729955600500921
vn 0.36816561658635083 -0.0007416788227326347 0.9297599306681892
vn 0.49787719597298236 -0.0002775817330704422 0.8672474967842004
vn 0.6172661713336356 0.00022149854095740256 0.7867543610718095
vn 0.6541048872176605 0.0005955874792353648 0.7564036235988867
vn 0.7564036235988867 0.0005955874792353648 0.6541048872176605
vn 0.7075158784549191 8.037583633048835e-7 0.7066974470970712
vn 0.7066974470970712 8.037583633048835e-7 0.7075158784549191
vn 0.7867543610718095 0.00022149854095740256 0.6172661713336356
vn 0.8672474967842007 -0.00027758173307044224 0.49787719597298247
vn 0.9297599306681892 -0.0007416788227326347 0.36816561658635083
vn 0.9729955600500924 -0.0011707964355151096 0.23082085988600354
vn 0.9960580048773466 -0.0015649374386289426 0.0886904836528304
vn 0.9984691145118085 -0.0019241052218068762 -0.05527861417492649
vn 0.9801789298319993 -0.002248302982065272 -0.19810151601413284
vn 0.9415667107015658 -0.00253753295583879 -0.3368169981238059
vn 0.883432994399726 -0.0027917975411690965 -0.46854919728073713
vn 0.8069831239465285 -0.003011099335457584 -0.5905668217452568
vn 0.7403373455205028 0.0007584433500317102 -0.6722351073778728
vn 0.7075034925662076 0.005918808239305489 -0.7066850611946204
vn 0.7066861757818221 0.005646223950469484 -0.7075046071326776
vn 0.6540676920232653 -0.010674107768918131 -0.7563607060620591
vn 0.6040008528656267 -0.003239739613584664 -0.7969770848806332
vn 0.4832803775425025 -0.0033795660386784546 -0.8754591111044345
vn 0.3525402222277653 -0.003484435121344248 -0.9357901743572022
vn 0.2144908402479923 -0.0035543473448814557 -0.9767195329595196
vn 0.07199449948922607 -0.0035893032884251265 -0.997398570755543
vn -0.07123381629767271 -0.004035367156421945 -0.9974514821421553
vn -0.21225560723391712 -0.0040352082833545405 -0.9772058505206931
vn -0.34896909555212363 -0.004034889788477882 -0.9371255465592256
vn -0.47859954310494457 -0.004034412514993634 -0.878024032048894
vn -0.5985156317258634 -0.004033775547673586 -0.801100971934638
vn -0.6540580739649475 -0.011975681885964767 -0.7563495348875607
vn -0.7070474137512889 0.012224993856831099 -0.7070604671686957
vn -0.7074646664967381 0.01203161522739759 -0.7066462947569168
vn -0.7524695809600415 -0.009992324504306108 -0.6585512001210081
vn -0.7964737316672159 -0.002161997110815373 -0.6046692654109287
vn -0.8705726450032708 -0.0018778709160588783 -0.4920363232250562
vn -0.9288474550595841 -0.0013844364198726065 -0.37045983394307835
vn -0.970238666370769 -0.0006816649557909142 -0.2421496760517337
vn -0.9939935699032031 0.0002304820639790771 -0.10943824682945319
vn -0.997868374897924 0 -0.06525876476440735
vn -0.997653619170251 0.0019940783116179314 -0.0684344928247975
vn -0.14220946866870726 0.004113426385636215 -0.9898280389766365
vn -0.28152823622785633 0.004113186176299339 -0.9595441281702012
vn -0.415124296962964 0.0041127861459694035 -0.9097554083714604
vn -0.5402820671361136 0.004112225464909309 -0.8414739315824665
vn -0.6546018106350916 0.004134556733336042 -0.7559625486450228
vn -0.7545890788778108 0.005151887876755888 -0.6561773998619902
vn -0.8384195353186057 0.004883288747442307 -0.5450035195181241
vn -0.9058332182469755 0.004389501516072621 -0.42361174794470413
vn -0.955782623312693 0.0036298594283129654 -0.29405169799550124
vn -0.9873039941272064 0.0026043225657005824 -0.15882078165164315
vn 0 1 0
vn 0 1 0
vn 0 1 0
vn 0 1 0
vn 0 1 0
vn 0 1 0
vn 0 1 0
vn 0 1 0
vn 0 1 0
vn 0 1 0
vn 0 1 0
vn 0 1 0
vn 0 1 0
vn 0 1 0
vn 0 1 0
vn 0 1 0
vn 0 1 0
vn 0 1 0
vn 0 1 0
vn 0 1 0
vn 0 1 0
vn 0 1 0
vn 0 1 0
vn 0 1 0
vn 0 1 0
vn 0 1 0
vn 0 1 0
vn 0 1 0
vn 0 1 0
vn 0 1 0
vn 0 1 0
vn 0 1 0
vn 0 1 0
vn 0 1 0
vn 0 1 0
vn 0 1 0
vn 0 1 0
vn 0 1 0
vn 0 1 0
vn 0 1 0
vn 0 1 0
vn 0 1 0
vn 0 1 0
vn 0 1 0
vn 0 1 0
vn 0 1 0
vn 0 1 0
vn 0 1 0
vn 0 1 0
vn 0 1 0
vn 0 1 0
vn 0 1 0
vn 0 1 0
vn 0 1 0
vn 0 1 0
vn 0 1 0
vn 0 1 0
vn 0 1 0
vn 0 1 0
vn 0 1 0
vn 0 1 0
vn 0 1 0
vn 0 1 0
vn 0 1 0
vn 0 1 0
vn 0 1 0
vn 0 1 0
vn 0 1 0
vn 0.9927088733532464 0 -0.12053668638936571
vn 0.9798256608752107 -4.849074953536124e-18 -0.19985413253284684
vn 0.9035254831583114 1.0294338954533831e-16 -0.42853436418044694
vn 0.7747157314158865 1.0340624673117482e-16 -0.6323096832223496
vn 0.6008822318232951 1.5922441952985255e-16 -0.7993375654121704
vn 0.39212769539593023 2.288707126719037e-16 -0.9199107948619129
vn 0.1605841068250238 2.271722244443125e-16 -0.9870221601540715
vn -0.08029205239015198 3.0308138092192915e-16 -0.9967713811717194
vn -0.31650188351491015 2.6830766333757794e-16 -0.9485918815441728
vn -0.5343178572366243 2.5099349404301107e-16 -0.8452836372709828
vn -0.7210811854488806 3.1406326808458165e-16 -0.6928505784017484
vn -0.8659378372730461 2.7691082261621947e-16 -0.5001516389844977
vn -0.9604693817161299 3.1609962530614786e-16 -0.2783856440009705
vn -0.9991819328436489 3.105921077914855e-16 -0.04044088375431577
vn -0.9798256608752107 2.4594265648218126e-16 0.19985413253284684
vn -0.9035254831583114 2.976728189025581e-16 0.42853436418044694
vn -0.7747157314158865 2.7158637430840915e-16 0.6323096832223496
vn -0.6008822318232951 2.9867861362679517e-16 0.7993375654121704
vn -0.39212769539593023 3.3943228291095784e-16 0.9199107948619129
vn -0.1605841068250238 2.792857676352496e-16 0.9870221601540715
vn 0.08029205239015198 3.060527724590595e-16 0.9967713811717194
vn 0.31650188351491015 2.8687475776488933e-16 0.9485918815441728
vn 0.5343178572366243 2.1457005780396188e-16 0.8452836372709828
vn 0.7210811854488806 2.135588665421861e-16 0.6928505784017484
vn 0.8659378372730461 1.3227762938797389e-16 0.5001516389844977
vn 0.9604693817161299 9.842761906931474e-17 0.2783856440009705
vn 0.9927088733532464 1.0406280966080744e-16 0.12053668638936571
vn 0.9927088733532464 -1.0464699108595437e-16 -0.12053668638936571
vn 0.9927088733532464 0 0.12053668638936571
vn 0.9798256550392538 3.3432629612789675e-18 0.19985416114481386
vn 0.9035254831583114 -1.0060430803179902e-16 0.42853436418044694
vn 0.7747157022179396 -1.058141853891503e-16 0.6323097189961298
vn 0.6008822318232951 -1.661482653598402e-16 0.7993375654121704
vn 0.39212769539593023 -2.3248746397221164e-16 0.9199107948619129
vn 0.1605841068250238 -2.2590379260750803e-16 0.9870221601540715
vn -0.08029205239015198 -3.048060723271529e-16 0.9967713811717194
vn -0.31650188351491015 -2.6845510000896365e-16 0.9485918815441728
vn -0.5343178572366243 -2.473621578770806e-16 0.8452836372709828
vn -0.7210811854488806 -3.092652765032411e-16 0.6928505784017484
vn -0.8659378372730461 -2.746144368649817e-16 0.5001516389844977
vn -0.9604693817161299 -3.1660080412178636e-16 0.2783856440009705
vn -0.9991819328436489 -3.1110996256303023e-16 0.04044088375431577
vn -0.9798256550392538 -2.4689580529110377e-16 -0.19985416114481386
vn -0.9035254831583114 -2.9989111881024144e-16 -0.42853436418044694
vn -0.7747157022179396 -2.707278697323647e-16 -0.6323097189961298
vn -0.6008822318232951 -2.96645205159031e-16 -0.7993375654121704
vn -0.39212769539593023 -3.364580061055603e-16 -0.9199107948619129
vn -0.1605841068250238 -2.801275066254496e-16 -0.9870221601540715
vn 0.08029205239015198 -3.034346730652986e-16 -0.9967713811717194
vn 0.31650188351491015 -2.8256092487277693e-16 -0.9485918815441728
vn 0.5343178572366243 -2.1806761570224055e-16 -0.8452836372709828
vn 0.7210811854488806 -2.1873388042310693e-16 -0.6928505784017484
vn 0.8659378372730461 -1.3238835247710338e-16 -0.5001516389844977
vn 0.9604693817161299 -9.801715880738367e-17 -0.2783856440009705
vn 0 1 0
vn 0 1 0
vn 0 1 0
vn 0 1 0
vn 0 1 0
vn 0 1 0
vn 0 1 0
vn 0 1 0
vn 0 1 0
vn 0 1 0
vn 0 1 0
vn 0 1 0
vn 0 1 0
vn 0 1 0
vn 0 1 0
vn 0 1 0
vn 0 1 0
vn 0 1 0
vn 0 1 0
vn 0 1 0
vn 0 1 0
vn 0 1 0
vn 0 1 0
vn 0 1 0
vn 0 1 0
vn 0 1 0
vn 0.992708872461726 0 -0.12053669373169622
vn 0.9798256579572323 0 -0.19985414683883038
vn 0.9035254831583114 0 -0.42853436418044694
vn 0.7747157022179396 0 -0.6323097189961298
vn 0.5680646824970297 0 -0.8229839102312685
vn 0.3546048616811362 0 -0.9350162523037244
vn 0.1205366790470352 0 -0.9927088742447667
vn -0.1205366790470352 0 -0.9927088742447667
vn -0.3546048616811362 0 -0.9350162523037244
vn -0.5680646824970297 0 -0.8229839102312685
vn -0.7210811568361508 0 -0.6928506081803194
vn -0.8659378372730461 0 -0.5001516389844977
vn -0.9604693737475579 0 -0.27838567149365573
vn -0.999181932693118 0 -0.04044088747351351
vn -0.9798256579572323 0 0.19985414683883038
vn -0.9035254831583114 0 0.42853436418044694
vn -0.7747157022179396 0 0.6323097189961298
vn -0.6008822318232951 0 0.7993375654121704
vn -0.39212769539593023 0 0.9199107948619129
vn -0.1605840923081226 0 0.9870221625159064
vn 0.08029204498760399 0 0.9967713817680103
vn 0.3546048616811362 0 0.9350162523037244
vn 0.5680646824970297 0 0.8229839102312685
vn 0.7210811568361508 0 0.6928506081803194
vn 0.8659378372730461 0 0.5001516389844977
vn 0.9604693737475579 0 0.27838567149365573
vn 0.992708872461726 0 0.12053669373169622
vn 0.992708872461726 0 -0.12053669373169622
vn 0.9604693737475579 0 -0.27838567149365573
vn 0.8659378372730461 0 -0.5001516389844977
vn 0.7210811568361508 0 -0.6928506081803194
vn 0.5680646824970297 0 -0.8229839102312685
vn 0.3546048616811362 0 -0.9350162523037244
vn 0.1205366790470352 0 -0.9927088742447667
vn -0.1205366790470352 0 -0.9927088742447667
vn -0.3546048616811362 0 -0.9350162523037244
vn -0.5680646824970297 0 -0.8229839102312685
vn -0.7747157022179396 0 -0.6323097189961298
vn -0.9035254831583114 0 -0.42853436418044694
vn -0.9798256579572323 0 -0.19985414683883038
vn -0.999181932693118 0 0.04044088747351351
vn -0.9604693737475579 0 0.27838567149365573
vn -0.8659378372730461 0 0.5001516389844977
vn -0.7210811568361508 0 0.6928506081803194
vn -0.5343177451406054 0 0.8452837081287318
vn -0.3165019103318308 0 0.9485918725965882
vn -0.08029204498760399 0 0.9967713817680103
vn 0.16058407779122133 0 0.9870221648777413
vn 0.3546048616811362 0 0.9350162523037244
vn 0.5680646824970297 0 0.8229839102312685
vn 0.7747157022179396 0 0.6323097189961298
vn 0.9035254831583114 0 0.42853436418044694
vn 0.9798256579572323 0 0.19985414683883038
vn 0.992708872461726 0 0.12053669373169622
vn 0 1 0
vn 0 1 0
vn 0 1 0
vn 0 1 0
vn 0 1 0
vn 0 1 0
vn 0 1 0
vn 0 1 0
vn 0 1 0
vn 0 1 0
vn 0 1 0
vn 0 1 0
vn 0 1 0
vn 0 1 0
vn 0 1 0
vn 0 1 0
vn 0 1 0
vn 0 1 0
vn 0 1 0
vn 0 1 0
vn 0 1 0
vn 0 1 0
vn 0 1 0
vn 0 1 0
vn 0 1 0
vn 0 1 0
vn 0 1 0
vn 0 1 0
vn 0 1 0
vn 0 1 0
vn 0 1 0
vn 0 1 0
vn 0 1 0
vn 0 1 0
vn 0 1 0
vn 0 1 0
vn 0 1 0
vn 0 1 0
vn 0 1 0
vn 0 1 0
vn 0 1 0
vn 0 1 0
vn 0 1 0
vn 0 1 0
vn 0 1 0
vn 0 1 0
vn 0 1 0
vn 0 1 0
vn 0 1 0
vn 0 1 0
vn 0 1 0
vn 0 1 0
vn 0 0.10682325196425559 0.9942780259262403
vn 0 0.10682325932981614 0.994278025134899
vn 0 0.10682325932981614 0.994278025134899
vn 0 0.10682325196425559 0.9942780259262403
vn 0.9942780243435578 -0.10682326669537667 0
vn 0.9942780243435578 -0.10682326669537667 0
vn 0.9942780243435578 -0.10682326669537667 0
vn 0.9942780243435578 -0.10682326669537667 0
vn 0.994278025134899 -0.10682325932981614 0
vn 0.994278025134899 -0.10682325932981614 0
vn 0.994278025134899 -0.10682325932981614 0
vn 0.994278025134899 -0.10682325932981614 0
vn -0.2156718772664394 0.12750735597120022 0.9681051159505375
vn -0.18921324279692642 0.12502719243190116 0.9739438124978606
vn -0.07516235313958602 0.11483382740459643 0.9905371334554458
vn -0.04238932850230974 0.11130097985527412 0.9928822874401472
vn -0.07623485392739382 0.1147363471408078 0.9904664646980497
vn -0.08610273193179191 0.11587856764583039 0.9895243691361183
vn -0.14596727701763132 0.12158569124544569 0.9817894243290793
vn -0.2155217637298409 0.12737414004102304 0.9681560813255208
vn 0 -0.10682326669537667 -0.9942780243435578
vn 0 -0.10682326669537667 -0.9942780243435578
vn 0 -0.10682326669537667 -0.9942780243435578
vn 0 -0.10682326669537667 -0.9942780243435578
vn 0 -0.10682325932981614 -0.994278025134899
vn 0 -0.10682325932981614 -0.994278025134899
vn 0 -0.10682325932981614 -0.994278025134899
vn 0 -0.10682325932981614 -0.994278025134899
vn -0.994278025134899 0.10682325932981614 0
vn -0.994278025134899 0.10682325932981614 0
vn -0.994278025134899 0.10682325932981614 0
vn -0.9942780243435578 0.10682326669537667 0
vn -0.9942780259262403 0.10682325196425559 0
vn -0.9942780259262403 0.10682325196425559 0
vn -0.9942780259262403 0.10682325196425559 0
vn -0.994278025134899 0.10682325932981614 0
vn -0.573495563186849 0.14820933247443374 0.805690283404536
vn -0.5490648275064913 0.14768654443250664 0.8226278014927844
vn -0.6576476292282744 0.1498835876362826 0.7382645230049368
vn -0.6329463911769495 0.14990993297538632 0.759543203439667
vn -0.6817671890390395 0.15030229607039336 0.715962792151781
vn -0.6986765412237661 0.1502360882133089 0.6994856742935897
vn -0.5824158825169763 0.14865607118807292 0.7991827777742073
vn -0.5597862737256214 0.14774345220386595 0.8153595526387533
vn -0.6728279678734826 0.15030230778628895 0.7243698930252109
vn -0.6370433391848306 0.14970153153985846 0.7561515955513562
vn 0 0.10682325196425559 0.9942780259262403
vn 0 0.10682325196425559 0.9942780259262403
vn 0 0.10682325932981614 0.994278025134899
vn 0 0.10682325196425559 0.9942780259262403
vn 0 -1 0
vn 0 -1 0
vn 0 -1 0
vn 0 -1 0
vn 0 -1 0
vn 0 -1 0
vn 0 -1 0
vn 0 -1 0
vn 0 -1 0
vn 0 -1 0
vn 0 -1 0
vn 0 -1 0
vn 0 -1 0
vn 0 -1 0
vn 0 -1 0
vn 0 -1 0
vn 0 -1 0
vn 0 -1 0
vn 0 -1 0
vn 0 -1 0
vn 0 -1 0
vn 0 -1 0
vn 0 -1 0
vn 0 -1 0
vn 0 -1 0
vn 0 -1 0
vn 0 -1 0
vn 0 -1 0
vn 0 -1 0
vn 0 -1 0
vn 0 -1 0
vn 0 -1 0
vn 0 -1 0
vn 0 -1 0
vn 0 -1 0
vn 0 -1 0
vn 0 -1 0
vn 0 -1 0
vn 0 -1 0
vn 0 -1 0
vn 0 -1 0
vn 0 -1 0
vn 0 -1 0
vn 0 -1 0
vn 0 -1 0
vn 0 -1 0
vn 0 -1 0
vn 0 -1 0
vn 0 -1 0
vn 0 -1 0
vn 0 -1 0
vn 0 -1 0
vn 0 -1 0
vn 0 -1 0
vn 0 -1 0
vn 0 -1 0
vn 0 -1 0
vn 0 -1 0
vn 0 -1 0
vn 0 -1 0
vn 0 -1 0
vn 0 -1 0
vn 0 -1 0
vn 0 -1 0
vn 0 -1 0
vn 0 -1 0
vn 0 -1 0
vn 0 -1 0
vn 0 -1 0
vn 0 -1 0
vn 0 -1 0
vn 0 -1 0
vn 0 -1 0
vn 0 -1 0
vn 0 -1 0
vn 0 -1 0
vn 0 -1 0
vn 0 -1 0
vn 0 -1 0
vn 0 -1 0
vn 0 -1 0
vn 0 -1 0
vn 0 -1 0
vn 0 -1 0
vn 0 -1 0
vn 0 -1 0
vn 0 -1 0
vn 0 0.10682325196425559 -0.9942780259262403
vn 0 0.10682325932981614 -0.994278025134899
vn 0 0.10682325932981614 -0.994278025134899
vn 0 0.10682325196425559 -0.9942780259262403
vn -0.9942780243435578 -0.10682326669537667 0
vn -0.9942780243435578 -0.10682326669537667 0
vn -0.9942780243435578 -0.10682326669537667 0
vn -0.9942780243435578 -0.10682326669537667 0
vn -0.994278025134899 -0.10682325932981614 0
vn -0.994278025134899 -0.10682325932981614 0
vn -0.994278025134899 -0.10682325932981614 0
vn -0.994278025134899 -0.10682325932981614 0
vn 0.2156718772664394 0.12750735597120022 -0.9681051159505375
vn 0.22203688552610135 0.12775010002350187 -0.9666330914105177
vn 0.07516235313958602 0.11483382740459643 -0.9905371334554458
vn 0.07342522054674083 0.11440919664348423 -0.9907165450879758
vn 0.028147922896734852 0.10997933920941809 -0.9935352230211365
vn 0.08610273193179191 0.11587856764583039 -0.9895243691361183
vn 0.14596727701763132 0.12158569124544569 -0.9817894243290793
vn 0.17615648894787767 0.12397687734860567 -0.9765237453766523
vn 0 -0.10682326669537667 0.9942780243435578
vn 0 -0.10682326669537667 0.9942780243435578
vn 0 -0.10682326669537667 0.9942780243435578
vn 0 -0.10682326669537667 0.9942780243435578
vn 0 -0.10682325932981614 0.994278025134899
vn 0 -0.10682325932981614 0.994278025134899
vn 0 -0.10682325932981614 0.994278025134899
vn 0 -0.10682325932981614 0.994278025134899
vn 0.994278025134899 0.10682325932981614 0
vn 0.994278025134899 0.10682325932981614 0
vn 0.994278025134899 0.10682325932981614 0
vn 0.9942780243435578 0.10682326669537667 0
vn 0.9942780259262403 0.10682325196425559 0
vn 0.9942780259262403 0.10682325196425559 0
vn 0.9942780259262403 0.10682325196425559 0
vn 0.994278025134899 0.10682325932981614 0
vn 0.573495563186849 0.14820933247443374 -0.805690283404536
vn 0.5731675095958879 0.1484569775571476 -0.805878112221845
vn 0.6576476292282744 0.1498835876362826 -0.7382645230049368
vn 0.6592107939266332 0.1503007991591852 -0.7367840924875673
vn 0.6817671890390395 0.15030229607039336 -0.715962792151781
vn 0.6986765412237661 0.1502360882133089 -0.6994856742935897
vn 0.5536517317330405 0.14768897997471617 -0.8195472684006903
vn 0.5597862737256214 0.14774345220386595 -0.8153595526387533
vn 0.6361319312957957 0.1499356303569833 -0.7568721640642727
vn 0.6370433391848306 0.14970153153985846 -0.7561515955513562
vn 0 0.10682325196425559 -0.9942780259262403
vn 0 0.10682325196425559 -0.9942780259262403
vn 0 0.10682325932981614 -0.994278025134899
vn 0 0.10682325196425559 -0.9942780259262403
vn 0 0.10682325932981614 -0.994278025134899
vn 0 0.10682325196425559 -0.9942780259262403
vn 0 0.10682325196425559 -0.9942780259262403
vn 0 0.10682325932981614 -0.994278025134899
vn -0.07516235313958602 0.11483382740459643 -0.9905371334554458
vn -0.2156718772664394 0.12750735597120022 -0.9681051159505375
vn -0.04238932850230974 0.11130097985527412 -0.9928822874401472
vn -0.18921324279692642 0.12502719243190116 -0.9739438124978606
vn -0.07623485392739382 0.1147363471408078 -0.9904664646980497
vn -0.08610273193179191 0.11587856764583039 -0.9895243691361183
vn -0.14596727701763132 0.12158569124544569 -0.9817894243290793
vn -0.2155217637298409 0.12737414004102304 -0.9681560813255208
vn -0.5722607837675621 0.14812180056775998 -0.8065838626939545
vn -0.6576476292282744 0.1498835876362826 -0.7382645230049368
vn -0.6986765412237661 0.1502360882133089 -0.6994856742935897
vn -0.6817671890390395 0.15030229607039336 -0.715962792151781
vn -0.6592107939266332 0.1503007991591852 -0.7367840924875673
vn -0.5742933861136169 0.1484403191881106 -0.8050792372838141
vn -0.5370955042967723 0.14706163578725634 -0.8306029704640915
vn -0.5822568412450985 0.1486517457463902 -0.7992994615973606
vn -0.6361319312957957 0.1499356303569833 -0.7568721640642727
vn -0.6370433678964676 0.1497015382869285 -0.7561515700265742
vn 0.9942780243435578 -0.10682326669537667 0
vn 0.9942780243435578 -0.10682326669537667 0
vn 0.9942780243435578 -0.10682326669537667 0
vn 0.9942780243435578 -0.10682326669537667 0
vn -0.994278025134899 0.10682325932981614 0
vn -0.994278025134899 0.10682325932981614 0
vn -0.9942780243435578 0.10682326669537667 0
vn -0.994278025134899 0.10682325932981614 0
vn -0.9942780259262403 0.10682325196425559 0
vn -0.9942780259262403 0.10682325196425559 0
vn -0.994278025134899 0.10682325932981614 0
vn -0.9942780259262403 0.10682325196425559 0
vn 0 -0.10682326669537667 0.9942780243435578
vn 0 -0.10682326669537667 0.9942780243435578
vn 0 -0.10682326669537667 0.9942780243435578
vn 0 -0.10682326669537667 0.9942780243435578
vn 0 -0.10682325932981614 0.994278025134899
vn 0 -0.10682325932981614 0.994278025134899
vn 0 -0.10682325932981614 0.994278025134899
vn 0 -0.10682325932981614 0.994278025134899
vn 0 0.10682325196425559 -0.9942780259262403
vn 0 0.10682325932981614 -0.994278025134899
vn 0 0.10682325196425559 -0.9942780259262403
vn 0 0.10682325196425559 -0.9942780259262403
vn 0.994278025134899 -0.10682325932981614 0
vn 0.994278025134899 -0.10682325932981614 0
vn 0.994278025134899 -0.10682325932981614 0
vn 0.994278025134899 -0.10682325932981614 0
vn 0.9927088733532464 0 -0.12053668638936571
vn 0.9798256550392538 -2.104093696771063e-18 -0.19985416114481386
vn 0.9035254716190987 2.8861040877171326e-18 -0.42853438850981995
vn 0.7747157022179396 9.305062838385935e-18 -0.6323097189961298
vn 0.600882193739469 1.3178373149459633e-17 -0.7993375940407429
vn 0.3921276701761355 2.074793180743167e-17 -0.9199108056122812
vn 0.1605841068250238 2.516910588336025e-17 -0.9870221601540715
vn -0.08029204498760399 2.730911112926772e-17 -0.9967713817680103
vn -0.3165019103318308 2.3434951162224083e-17 -0.9485918725965882
vn -0.5343177877283941 2.1391279266037434e-17 -0.845283681208288
vn -0.7210811568361508 2.2740984008421316e-17 -0.6928506081803194
vn -0.865937877998029 2.3488114151343507e-17 -0.5001515684752678
vn -0.9604693817161299 2.8612363171066775e-17 -0.2783856440009705
vn -0.9991819328436489 2.869244387545857e-17 -0.04044088375431577
vn -0.9798256550392538 2.520550464692131e-17 0.19985416114481386
vn -0.9035254716190987 2.904756224707213e-17 0.42853438850981995
vn -0.7747157022179396 3.060260147795145e-17 0.6323097189961298
vn -0.600882193739469 3.197239792027141e-17 0.7993375940407429
vn -0.3921276701761355 3.3533363333616723e-17 0.9199108056122812
vn -0.1605841068250238 2.999242415279992e-17 0.9870221601540715
vn 0.08029204498760399 2.6949780567296718e-17 0.9967713817680103
vn 0.3165019103318308 2.5061897941134458e-17 0.9485918725965882
vn 0.5680647507330577 6.749601910260329e-18 0.822983863131343
vn 0.7485107371801073 -3.1909304603129704e-19 0.6631226706470623
vn 0.865937877998029 1.7147214005466205e-17 0.5001515684752678
vn 0.9604693817161299 1.3752913551461109e-17 0.2783856440009705
vn 0.9927088733532464 1.0977827538096475e-17 0.12053668638936571
vn 0.9927088733532464 -1.1168251134761908e-17 -0.12053668638936571
vn 0.9927088733532464 0 0.12053668638936571
vn 0.9798256579572323 1.8950101584750546e-18 0.19985414683883038
vn 0.9035254716190987 -2.697264544149822e-18 0.42853438850981995
vn 0.7485107371801073 7.944172492503128e-18 0.6631226706470623
vn 0.5680647507330577 1.950686690558325e-18 0.822983863131343
vn 0.39212764495633967 -2.0468513739248392e-17 0.9199108163626487
vn 0.1605841068250238 -2.493658541348484e-17 0.9870221601540715
vn -0.08029204498760399 -2.71926689160085e-17 0.9967713817680103
vn -0.3165019103318308 -2.3124394478073975e-17 0.9485918725965882
vn -0.5343177877283941 -2.1452194500281418e-17 0.845283681208288
vn -0.7210811568361508 -2.3664299576323178e-17 0.6928506081803194
vn -0.865937877998029 -2.335516306748027e-17 0.5001515684752678
vn -0.9604693817161299 -2.821326175350356e-17 0.2783856440009705
vn -0.9991819328436489 -2.838871307869226e-17 0.04044088375431577
vn -0.9798256579572323 -2.4981854940686516e-17 -0.19985414683883038
vn -0.9035254716190987 -2.856920039014638e-17 -0.42853438850981995
vn -0.7747156783870729 -3.1026936628123815e-17 -0.6323097481940773
vn -0.6008822318232951 -3.276444537226251e-17 -0.7993375654121704
vn -0.39212764495633967 -3.350780053507457e-17 -0.9199108163626487
vn -0.1605841068250238 -3.0156834571129467e-17 -0.9870221601540715
vn 0.08029204498760399 -2.698535925932418e-17 -0.9967713817680103
vn 0.3165019103318308 -2.4922609000041243e-17 -0.9485918725965882
vn 0.5343177877283941 -2.356656077542141e-17 -0.845283681208288
vn 0.7210811568361508 -1.9917551804885462e-17 -0.6928506081803194
vn 0.865937877998029 -1.691459427645807e-17 -0.5001515684752678
vn 0.9604693817161299 -1.395053527502091e-17 -0.2783856440009705
vn 0.9927088733532464 0 0.12053668638936571
vn 0.9604693817161299 0 0.2783856440009705
vn 0.865937877998029 0 0.5001515684752678
vn 0.7210811568361508 0 0.6928506081803194
vn 0.5343178572366243 0 0.8452836372709828
vn 0.3165019103318308 0 0.9485918725965882
vn 0.08029204498760399 0 0.9967713817680103
vn -0.16058412134192485 0 0.9870221577922361
vn -0.39212769539593023 0 0.9199107948619129
vn -0.6008822318232951 0 0.7993375654121704
vn -0.7747157022179396 0 0.6323097189961298
vn -0.9035254831583114 0 0.42853436418044694
vn -0.9798256608752107 0 0.19985413253284684
vn -1 0 0
vn -0.970941823546428 0 -0.23931563945621478
vn -0.865937877998029 0 -0.5001515684752678
vn -0.7485107371801073 0 -0.6631226706470623
vn -0.5680647507330577 0 -0.822983863131343
vn -0.3165019103318308 0 -0.9485918725965882
vn -0.1205366790470352 0 -0.9927088742447667
vn 0.1205366790470352 0 -0.9927088742447667
vn 0.3546048616811362 0 -0.9350162523037244
vn 0.5680647507330577 0 -0.822983863131343
vn 0.7747157022179396 0 -0.6323097189961298
vn 0.9035254831583114 0 -0.42853436418044694
vn 0.9798256608752107 0 -0.19985413253284684
vn 0.9927088733532464 0 -0.12053668638936571
vn 0.9927088733532464 0 -0.12053668638936571
vn 0.9927088733532464 0 0.12053668638936571
vn 0.9798256579572323 0 0.19985414683883038
vn 0.9035254831583114 0 0.42853436418044694
vn 0.7747157022179396 0 0.6323097189961298
vn 0.600882193739469 0 0.7993375940407429
vn 0.39212769539593023 0 0.9199107948619129
vn 0.1605841068250238 0 0.9870221601540715
vn -0.08029204498760399 0 0.9967713817680103
vn -0.3165019103318308 0 0.9485918725965882
vn -0.5343178572366243 0 0.8452836372709828
vn -0.7210811568361508 0 0.6928506081803194
vn -0.865937877998029 0 0.5001515684752678
vn -0.9604693817161299 0 0.2783856440009705
vn -1 0 0
vn -0.9709418166215136 0 -0.2393156675516985
vn -0.9035254831583114 0 -0.42853436418044694
vn -0.7485107633901565 0 -0.6631226410620323
vn -0.5680647507330577 0 -0.822983863131343
vn -0.39212769539593023 0 -0.9199107948619129
vn -0.1205366790470352 0 -0.9927088742447667
vn 0.1205366790470352 0 -0.9927088742447667
vn 0.3546048616811362 0 -0.9350162523037244
vn 0.5680647507330577 0 -0.822983863131343
vn 0.7210811568361508 0 -0.6928506081803194
vn 0.865937877998029 0 -0.5001515684752678
vn 0.9604693817161299 0 -0.2783856440009705
vn 0 -1 0
vn 0 -1 0
vn 0 -1 0
vn 0 -1 0
vn 0 -1 0
vn 0 -1 0
vn 0 -1 0
vn 0 -1 0
vn 0 -1 0
vn 0 -1 0
vn 0 -1 0
vn 0 -1 0
vn 0 -1 0
vn 0 -1 0
vn 0 -1 0
vn 0 -1 0
vn 0 -1 0
vn 0 -1 0
vn 0 -1 0
vn 0 -1 0
vn 0 -1 0
vn 0 -1 0
vn 0 -1 0
vn 0 -1 0
vn 0 -1 0
vn 0 -1 0
vn 0 -1 0
vn 0 -1 0
vn 0 -1 0
vn 0 -1 0
vn 0 -1 0
vn 0 -1 0
vn 0 -1 0
vn 0 -1 0
vn 0 -1 0
vn 0 -1 0
vn 0 -1 0
vn 0 -1 0
vn 0 -1 0
vn 0 -1 0
vn 0 -1 0
vn 0 -1 0
vn 0 -1 0
vn 0 -1 0
vn 0 -1 0
vn 0 -1 0
vn 0 -1 0
vn 0 -1 0
vn 0 -1 0
vn 0 -1 0
vn 0 -1 0
vn 0 -1 0
vn 0 -1 0
vn 0 -1 0
vn 0 -1 0
vn 0 -1 0
vn 0 -1 0
vn 0 -1 0
vn 0 -1 0
vn 0 0.10682326669537667 0.9942780243435578
vn 0 0.10682325932981614 0.994278025134899
vn 0 0.10682325932981614 0.994278025134899
vn 0 0.10682325932981614 0.994278025134899
vn 0.9907165450879758 0.11440919664348423 0.07342522054674083
vn 0.9666330914105177 0.12775010002350187 0.22203688552610135
vn 0.9905371334554458 0.11483382740459643 0.07516235313958602
vn 0.9681051159505375 0.12750735597120022 0.2156718772664394
vn 0.9925096222741451 0.11208038244060133 0.04860697033556485
vn 0.991959821809119 0.11305687708196088 0.056866989201957055
vn 0.9745255568147372 0.12483391730754627 0.18632346122960228
vn 0.9831367186344756 0.12076266918011441 0.13732650947697686
vn 0.805878112221845 0.1484569775571476 0.5731675095958879
vn 0.7367840924875673 0.1503007991591852 0.6592107939266332
vn 0.7382645230049368 0.1498835876362826 0.6576476292282744
vn 0.7164998976614511 0.1502469721446676 0.6812149029583026
vn 0.6986597592593191 0.1503921856650555 0.6994688922908564
vn 0.805690283404536 0.14820933247443374 0.573495563186849
vn 0.8304468562536002 0.14712570907442613 0.5373193135072102
vn 0.7995609375235208 0.14847762389047559 0.5819421813121533
vn 0.7578544035044332 0.14961695699493618 0.6350365889210755
vn 0.7553901591903763 0.14991289217534523 0.6378964117769915
vn -0.9942780243435578 -0.10682326669537667 0
vn -0.9942780243435578 -0.10682326669537667 0
vn -0.9942780243435578 -0.10682326669537667 0
vn -0.9942780243435578 -0.10682326669537667 0
vn 0.9942780259262403 0.10682325196425559 0
vn 0.994278025134899 0.10682325932981614 0
vn 0.994278025134899 0.10682325932981614 0
vn 0.9942780259262403 0.10682325196425559 0
vn 0.9942780259262403 0.10682325196425559 0
vn 0.9942780259262403 0.10682325196425559 0
vn 0.994278025134899 0.10682325932981614 0
vn 0.9942780259262403 0.10682325196425559 0
vn 0 -0.10682326669537667 -0.9942780243435578
vn 0 -0.10682326669537667 -0.9942780243435578
vn 0 -0.10682326669537667 -0.9942780243435578
vn 0 -0.10682326669537667 -0.9942780243435578
vn 0 -0.10682325932981614 -0.994278025134899
vn 0 -0.10682325932981614 -0.994278025134899
vn 0 -0.10682325932981614 -0.994278025134899
vn 0 -0.10682325932981614 -0.994278025134899
vn 0 0.10682325196425559 0.9942780259262403
vn 0 0.10682325932981614 0.994278025134899
vn 0 0.10682325196425559 0.9942780259262403
vn 0 0.10682325196425559 0.9942780259262403
vn -0.994278025134899 -0.10682325932981614 0
vn -0.994278025134899 -0.10682325932981614 0
vn -0.994278025134899 -0.10682325932981614 0
vn -0.994278025134899 -0.10682325932981614 0
vn 0 1 0
vn 0 1 0
vn 0 1 0
vn 0 1 0
vn 0 1 0
vn 0 1 0
vn 0 1 0
vn 0 1 0
vn 0 1 0
vn 0 1 0
vn 0 1 0
vn 0 1 0
vn 0 1 0
vn 0 1 0
vn 0 1 0
vn 0 1 0
vn 0 1 0
vn 0 1 0
vn 0 1 0
vn 0 1 0
vn 0 1 0
vn 0 1 0
vn 0 1 0
vn 0 1 0
vn 0 1 0
vn 0 1 0
vn 0 1 0
vn 0 1 0
vn 0 1 0
vn 0 1 0
vn 0 1 0
vn 0 1 0
vn 0 1 0
vn 0 1 0
vn 0 1 0
vn 0 1 0
vn 0 1 0
vn 0 1 0
vn 0 1 0
vn 0 1 0
vn 0 1 0
vn 0 1 0
vn 0 1 0
vn 0 1 0
vn 0 1 0
vn 0 1 0
vn 0 1 0
vn 0 1 0
vn 0 1 0
vn 0 1 0
vn 0 -1 0
vn 0 -1 0
vn 0 -1 0
vn 0 -1 0
vn 0 -1 0
vn 0 -1 0
vn 0 -1 0
vn 0 -1 0
vn 0 -1 0
vn 0 -1 0
vn 0 -1 0
vn 0 -1 0
vn 0 -1 0
vn 0 -1 0
vn 0 -1 0
vn 0 -1 0
vn 0 -1 0
vn 0 -1 0
vn 0 -1 0
vn 0 -1 0
vn 0 -1 0
vn 0 -1 0
vn 0 -1 0
vn 0 -1 0
vn 0 -1 0
vn 0 -1 0
vn 0 -1 0
vn 0 -1 0
vn 0 -1 0
vn 0 -1 0
vn 0 -1 0
vn 0 -1 0
vn 0 -1 0
vn 0 -1 0
vn 0 -1 0
vn 0 -1 0
vn 0 -1 0
vn 0 -1 0
vn 0 -1 0
vn 0 -1 0
vn 0 -1 0
vn 0 -1 0
vn 0 -1 0
vn 0 -1 0
vn 0 -1 0
vn 0 -1 0
vn 0 -1 0
vn 0 -1 0
vn 0 -1 0
vn 0 -1 0
vn 0 0.1179214721541751 -0.9930229234035799
vn 0 0.1179214721541751 -0.9930229234035799
vn 0 0.1179214721541751 -0.9930229234035799
vn 0 0.1179214721541751 -0.9930229234035799
vn 0.992993823428931 0.11816626689539142 0
vn 0.992993823428931 0.11816626689539142 0
vn 0.992993823428931 0.11816626689539142 0
vn 0.992993823428931 0.11816626689539142 0
vn 0 0.1179214721541751 0.9930229234035799
vn 0 0.1179214721541751 0.9930229234035799
vn 0 0.1179214721541751 0.9930229234035799
vn 0 0.1179214721541751 0.9930229234035799
vn -0.992993823428931 0.11816626689539142 0
vn -0.992993823428931 0.11816626689539142 0
vn -0.992993823428931 0.11816626689539142 0
vn -0.992993823428931 0.11816626689539142 0
f 2//2 1//1 28//28
f 2//2 28//28 54//54
f 3//3 54//54 53//53
f 3//3 2//2 54//54
f 4//4 53//53 52//52
f 4//4 3//3 53//53
f 5//5 52//52 51//51
f 5//5 4//4 52//52
f 6//6 51//51 50//50
f 6//6 5//5 51//51
f 7//7 50//50 49//49
f 7//7 6//6 50//50
f 8//8 49//49 48//48
f 8//8 7//7 49//49
f 9//9 48//48 47//47
f 9//9 8//8 48//48
f 10//10 47//47 46//46
f 10//10 9//9 47//47
f 11//11 46//46 45//45
f 11//11 10//10 46//46
f 12//12 11//11 45//45
f 12//12 45//45 44//44
f 13//13 12//12 44//44
f 13//13 44//44 43//43
f 14//14 13//13 43//43
f 14//14 43//43 42//42
f 15//15 14//14 42//42
f 15//15 42//42 41//41
f 16//16 15//15 41//41
f 16//16 41//41 40//40
f 17//17 16//16 40//40
f 17//17 40//40 39//39
f 18//18 17//17 39//39
f 18//18 39//39 38//38
f 19//19 18//18 38//38
f 19//19 38//38 37//37
f 20//20 37//37 36//36
f 20//20 19//19 37//37
f 21//21 36//36 35//35
f 21//21 20//20 36//36
f 22//22 35//35 34//34
f 22//22 21//21 35//35
f 23//23 34//34 33//33
f 23//23 22//22 34//34
f 24//24 33//33 32//32
f 24//24 23//23 33//33
f 25//25 31//31 30//30
f 25//25 32//32 31//31
f 25//25 24//24 32//32
f 26//26 25//25 30//30
f 27//27 30//30 29//29
f 27//27 26//26 30//30
f 84//84 57//57 58//58
f 84//84 58//58 59//59
f 85//85 84//84 59//59
f 83//83 57//57 84//84
f 86//86 59//59 60//60
f 86//86 85//85 59//59
f 82//82 56//56 57//57
f 82//82 57//57 83//83
f 87//87 60//60 61//61
f 87//87 86//86 60//60
f 81//81 55//55 56//56
f 81//81 56//56 82//82
f 62//62 87//87 61//61
f 88//88 87//87 62//62
f 80//80 55//55 81//81
f 106//106 80//80 81//81
f 63//63 88//88 62//62
f 89//89 88//88 63//63
f 105//105 79//79 80//80
f 105//105 80//80 106//106
f 90//90 63//63 64//64
f 90//90 89//89 63//63
f 104//104 78//78 79//79
f 104//104 79//79 105//105
f 91//91 90//90 64//64
f 65//65 91//91 64//64
f 77//77 78//78 104//104
f 77//77 104//104 103//103
f 66//66 91//91 65//65
f 66//66 92//92 91//91
f 76//76 77//77 103//103
f 76//76 103//103 102//102
f 67//67 92//92 66//66
f 67//67 93//93 92//92
f 75//75 76//76 102//102
f 75//75 102//102 101//101
f 94//94 93//93 67//67
f 68//68 94//94 67//67
f 74//74 75//75 101//101
f 74//74 101//101 100//100
f 69//69 94//94 68//68
f 69//69 95//95 94//94
f 99//99 74//74 100//100
f 73//73 74//74 99//99
f 98//98 73//73 99//99
f 70//70 96//96 95//95
f 70//70 97//97 96//96
f 70//70 95//95 69//69
f 72//72 98//98 97//97
f 72//72 73//73 98//98
f 71//71 97//97 70//70
f 71//71 72//72 97//97
f 238//238 239//239 240//240
f 238//238 207//207 239//239
f 238//238 240//240 241//241
f 238//238 206//206 207//207
f 242//242 177//177 178//178
f 243//243 242//242 178//178
f 243//243 177//177 242//242
f 244//244 243//243 178//178
f 244//244 177//177 243//243
f 245//245 241//241 177//177
f 245//245 244//244 178//178
f 245//245 177//177 244//244
f 246//246 238//238 241//241
f 246//246 206//206 238//238
f 246//246 241//241 245//245
f 246//246 205//205 206//206
f 247//247 178//178 179//179
f 248//248 247//247 179//179
f 248//248 178//178 247//247
f 249//249 178//178 248//248
f 249//249 248//248 179//179
f 250//250 245//245 178//178
f 250//250 178//178 249//249
f 251//251 245//245 250//250
f 251//251 246//246 245//245
f 251//251 205//205 246//246
f 251//251 204//204 205//205
f 252//252 179//179 180//180
f 253//253 252//252 180//180
f 253//253 179//179 252//252
f 254//254 179//179 253//253
f 254//254 249//249 179//179
f 254//254 250//250 249//249
f 254//254 253//253 180//180
f 255//255 250//250 254//254
f 256//256 251//251 250//250
f 256//256 250//250 255//255
f 256//256 204//204 251//251
f 256//256 203//203 204//204
f 257//257 180//180 181//181
f 258//258 257//257 181//181
f 258//258 180//180 257//257
f 259//259 180//180 258//258
f 259//259 254//254 180//180
f 259//259 258//258 181//181
f 260//260 255//255 254//254
f 260//260 254//254 259//259
f 261//261 256//256 255//255
f 261//261 203//203 256//256
f 261//261 255//255 260//260
f 261//261 202//202 203//203
f 262//262 181//181 182//182
f 263//263 262//262 182//182
f 263//263 181//181 262//262
f 264//264 259//259 181//181
f 264//264 260//260 259//259
f 264//264 263//263 182//182
f 264//264 181//181 263//263
f 265//265 260//260 264//264
f 266//266 260//260 265//265
f 266//266 261//261 260//260
f 266//266 202//202 261//261
f 266//266 201//201 202//202
f 267//267 182//182 183//183
f 268//268 267//267 183//183
f 268//268 182//182 267//267
f 269//269 182//182 268//268
f 269//269 264//264 182//182
f 270//270 265//265 264//264
f 270//270 264//264 269//269
f 271//271 201//201 266//266
f 271//271 265//265 270//270
f 271//271 200//200 201//201
f 271//271 266//266 265//265
f 272//272 183//183 184//184
f 273//273 272//272 184//184
f 273//273 183//183 272//272
f 274//274 268//268 183//183
f 274//274 183//183 273//273
f 274//274 273//273 184//184
f 274//274 269//269 268//268
f 275//275 270//270 269//269
f 275//275 269//269 274//274
f 276//276 270//270 275//275
f 277//277 270//270 276//276
f 277//277 271//271 270//270
f 277//277 200//200 271//271
f 277//277 199//199 200//200
f 278//278 184//184 185//185
f 279//279 184//184 278//278
f 279//279 278//278 185//185
f 280//280 274//274 184//184
f 280//280 184//184 279//279
f 280//280 279//279 185//185
f 281//281 275//275 274//274
f 281//281 274//274 280//280
f 282//282 276//276 275//275
f 282//282 275//275 281//281
f 283//283 277//277 276//276
f 283//283 199//199 277//277
f 283//283 276//276 282//282
f 283//283 198//198 199//199
f 284//284 185//185 186//186
f 285//285 185//185 284//284
f 285//285 284//284 186//186
f 286//286 280//280 185//185
f 286//286 185//185 285//285
f 287//287 281//281 280//280
f 287//287 280//280 286//286
f 288//288 281//281 287//287
f 288//288 282//282 281//281
f 288//288 283//283 282//282
f 289//289 198//198 283//283
f 289//289 283//283 288//288
f 289//289 196//196 197//197
f 289//289 197//197 198//198
f 290//290 186//186 187//187
f 291//291 285//285 186//186
f 291//291 286//286 285//285
f 291//291 186//186 290//290
f 291//291 187//187 194//194
f 291//291 290//290 187//187
f 292//292 287//287 286//286
f 292//292 286//286 291//291
f 292//292 291//291 194//194
f 292//292 193//193 192//192
f 292//292 194//194 193//193
f 293//293 287//287 292//292
f 293//293 292//292 192//192
f 294//294 288//288 287//287
f 294//294 287//287 293//293
f 294//294 293//293 192//192
f 294//294 192//192 191//191
f 295//295 289//289 288//288
f 295//295 196//196 289//289
f 295//295 191//191 190//190
f 295//295 288//288 294//294
f 295//295 294//294 191//191
f 295//295 190//190 196//196
f 195//195 187//187 188//188
f 194//194 187//187 195//195
f 189//189 196//196 190//190
f 296//296 128//128 129//129
f 296//296 129//129 130//130
f 297//297 127//127 128//128
f 297//297 128//128 296//296
f 298//298 126//126 127//127
f 298//298 127//127 297//297
f 299//299 125//125 126//126
f 299//299 126//126 298//298
f 300//300 124//124 125//125
f 300//300 125//125 299//299
f 301//301 124//124 300//300
f 301//301 121//121 122//122
f 301//301 122//122 123//123
f 301//301 123//123 124//124
f 302//302 130//130 131//131
f 302//302 296//296 130//130
f 303//303 297//297 296//296
f 303//303 296//296 302//302
f 304//304 297//297 303//303
f 304//304 298//298 297//297
f 305//305 298//298 304//304
f 305//305 299//299 298//298
f 306//306 300//300 299//299
f 306//306 299//299 305//305
f 307//307 120//120 121//121
f 307//307 121//121 301//301
f 307//307 301//301 300//300
f 307//307 300//300 306//306
f 308//308 131//131 132//132
f 308//308 302//302 131//131
f 309//309 303//303 302//302
f 309//309 302//302 308//308
f 310//310 303//303 309//309
f 310//310 304//304 303//303
f 311//311 304//304 310//310
f 311//311 305//305 304//304
f 312//312 305//305 311//311
f 312//312 307//307 306//306
f 312//312 306//306 305//305
f 313//313 118//118 119//119
f 313//313 119//119 120//120
f 313//313 307//307 312//312
f 313//313 120//120 307//307
f 314//314 132//132 133//133
f 314//314 308//308 132//132
f 314//314 309//309 308//308
f 315//315 309//309 314//314
f 316//316 311//311 310//310
f 316//316 309//309 315//315
f 316//316 310//310 309//309
f 317//317 311//311 316//316
f 318//318 311//311 317//317
f 318//318 312//312 311//311
f 318//318 313//313 312//312
f 319//319 118//118 313//313
f 319//319 313//313 318//318
f 320//320 133//133 134//134
f 320//320 314//314 133//133
f 321//321 314//314 320//320
f 321//321 315//315 314//314
f 322//322 316//316 315//315
f 322//322 315//315 321//321
f 323//323 316//316 322//322
f 323//323 318//318 317//317
f 323//323 317//317 316//316
f 324//324 318//318 323//323
f 325//325 117//117 118//118
f 325//325 118//118 319//319
f 325//325 319//319 318//318
f 325//325 318//318 324//324
f 326//326 134//134 135//135
f 326//326 320//320 134//134
f 327//327 320//320 326//326
f 327//327 322//322 321//321
f 327//327 321//321 320//320
f 328//328 322//322 327//327
f 329//329 322//322 328//328
f 329//329 324//324 323//323
f 329//329 323//323 322//322
f 330//330 324//324 329//329
f 331//331 116//116 117//117
f 331//331 325//325 324//324
f 331//331 324//324 330//330
f 331//331 117//117 325//325
f 332//332 135//135 136//136
f 332//332 326//326 135//135
f 333//333 328//328 327//327
f 333//333 326//326 332//332
f 333//333 327//327 326//326
f 334//334 328//328 333//333
f 335//335 329//329 328//328
f 335//335 328//328 334//334
f 335//335 330//330 329//329
f 336//336 330//330 335//335
f 337//337 115//115 116//116
f 337//337 331//331 330//330
f 337//337 116//116 331//331
f 337//337 330//330 336//336
f 338//338 136//136 137//137
f 338//338 332//332 136//136
f 339//339 333//333 332//332
f 339//339 332//332 338//338
f 340//340 334//334 333//333
f 340//340 333//333 339//339
f 341//341 335//335 334//334
f 341//341 334//334 340//340
f 342//342 336//336 335//335
f 342//342 335//335 341//341
f 343//343 114//114 115//115
f 343//343 337//337 336//336
f 343//343 336//336 342//342
f 343//343 115//115 337//337
f 344//344 137//137 138//138
f 344//344 338//338 137//137
f 345//345 338//338 344//344
f 345//345 339//339 338//338
f 346//346 339//339 345//345
f 346//346 340//340 339//339
f 347//347 340//340 346//346
f 347//347 341//341 340//340
f 348//348 341//341 347//347
f 348//348 342//342 341//341
f 349//349 112//112 113//113
f 349//349 113//113 114//114
f 349//349 342//342 348//348
f 349//349 114//114 343//343
f 349//349 343//343 342//342
f 350//350 138//138 139//139
f 350//350 344//344 138//138
f 350//350 345//345 344//344
f 351//351 345//345 350//350
f 352//352 347//347 346//346
f 352//352 345//345 351//351
f 352//352 346//346 345//345
f 353//353 347//347 352//352
f 354//354 348//348 347//347
f 354//354 347//347 353//353
f 354//354 349//349 348//348
f 355//355 112//112 349//349
f 355//355 349//349 354//354
f 356//356 139//139 140//140
f 356//356 350//350 139//139
f 357//357 351//351 350//350
f 357//357 350//350 356//356
f 358//358 352//352 351//351
f 358//358 351//351 357//357
f 359//359 352//352 358//358
f 359//359 353//353 352//352
f 360//360 354//354 353//353
f 360//360 353//353 359//359
f 361//361 111//111 112//112
f 361//361 354//354 360//360
f 361//361 112//112 355//355
f 361//361 355//355 354//354
f 362//362 140//140 141//141
f 362//362 356//356 140//140
f 363//363 356//356 362//362
f 363//363 357//357 356//356
f 364//364 358//358 357//357
f 364//364 357//357 363//363
f 365//365 358//358 364//364
f 365//365 359//359 358//358
f 365//365 360//360 359//359
f 366//366 360//360 365//365
f 367//367 110//110 111//111
f 367//367 361//361 360//360
f 367//367 360//360 366//366
f 367//367 111//111 361//361
f 368//368 141//141 142//142
f 368//368 362//362 141//141
f 369//369 363//363 362//362
f 369//369 364//364 363//363
f 369//369 362//362 368//368
f 370//370 364//364 369//369
f 371//371 365//365 364//364
f 371//371 364//364 370//370
f 372//372 366//366 365//365
f 372//372 367//367 366//366
f 372//372 365//365 371//371
f 373//373 109//109 110//110
f 373//373 110//110 367//367
f 373//373 367//367 372//372
f 374//374 369//369 368//368
f 374//374 368//368 142//142
f 374//374 142//142 143//143
f 375//375 369//369 374//374
f 376//376 370//370 369//369
f 376//376 371//371 370//370
f 376//376 369//369 375//375
f 377//377 371//371 376//376
f 378//378 372//372 371//371
f 378//378 371//371 377//377
f 379//379 372//372 378//378
f 379//379 108//108 109//109
f 379//379 109//109 373//373
f 379//379 373//373 372//372
f 380//380 143//143 144//144
f 380//380 144//144 145//145
f 380//380 374//374 143//143
f 381//381 374//374 380//380
f 381//381 375//375 374//374
f 382//382 375//375 381//381
f 382//382 376//376 375//375
f 382//382 377//377 376//376
f 383//383 377//377 382//382
f 384//384 378//378 377//377
f 384//384 377//377 383//383
f 385//385 108//108 379//379
f 385//385 107//107 108//108
f 385//385 379//379 378//378
f 385//385 378//378 384//384
f 386//386 145//145 146//146
f 386//386 380//380 145//145
f 387//387 381//381 380//380
f 387//387 380//380 386//386
f 388//388 383//383 382//382
f 388//388 381//381 387//387
f 388//388 382//382 381//381
f 389//389 383//383 388//388
f 390//390 384//384 383//383
f 390//390 383//383 389//389
f 391//391 384//384 390//390
f 391//391 385//385 384//384
f 391//391 237//237 107//107
f 391//391 390//390 237//237
f 391//391 107//107 385//385
f 392//392 386//386 146//146
f 393//393 387//387 386//386
f 393//393 386//386 392//392
f 394//394 388//388 387//387
f 394//394 387//387 393//393
f 395//395 389//389 388//388
f 395//395 388//388 394//394
f 396//396 389//389 395//395
f 396//396 390//390 389//389
f 396//396 237//237 390//390
f 397//397 236//236 237//237
f 397//397 237//237 396//396
f 397//397 396//396 236//236
f 398//398 146//146 147//147
f 398//398 147//147 148//148
f 398//398 392//392 146//146
f 399//399 393//393 392//392
f 399//399 392//392 398//398
f 400//400 393//393 399//399
f 400//400 394//394 393//393
f 401//401 395//395 394//394
f 401//401 394//394 400//400
f 402//402 236//236 396//396
f 402//402 396//396 395//395
f 402//402 401//401 235//235
f 402//402 395//395 401//401
f 403//403 235//235 236//236
f 403//403 236//236 402//402
f 403//403 402//402 235//235
f 404//404 398//398 148//148
f 404//404 148//148 149//149
f 405//405 398//398 404//404
f 405//405 399//399 398//398
f 405//405 400//400 399//399
f 406//406 401//401 400//400
f 406//406 400//400 405//405
f 407//407 235//235 401//401
f 407//407 401//401 406//406
f 408//408 407//407 234//234
f 408//408 235//235 407//407
f 409//409 234//234 235//235
f 409//409 408//408 234//234
f 409//409 235//235 408//408
f 410//410 404//404 149//149
f 411//411 404//404 410//410
f 411//411 405//405 404//404
f 412//412 406//406 405//405
f 412//412 405//405 411//411
f 413//413 406//406 412//412
f 413//413 234//234 407//407
f 413//413 407//407 406//406
f 414//414 413//413 233//233
f 414//414 234//234 413//413
f 415//415 414//414 233//233
f 415//415 234//234 414//414
f 415//415 233//233 234//234
f 416//416 149//149 150//150
f 416//416 410//410 149//149
f 417//417 411//411 410//410
f 417//417 410//410 416//416
f 418//418 412//412 411//411
f 418//418 411//411 417//417
f 418//418 413//413 412//412
f 419//419 233//233 413//413
f 419//419 418//418 232//232
f 419//419 413//413 418//418
f 420//420 233//233 419//419
f 420//420 419//419 232//232
f 421//421 232//232 233//233
f 421//421 233//233 420//420
f 421//421 420//420 232//232
f 422//422 416//416 150//150
f 422//422 150//150 151//151
f 423//423 416//416 422//422
f 423//423 417//417 416//416
f 424//424 418//418 417//417
f 424//424 232//232 418//418
f 424//424 417//417 423//423
f 425//425 232//232 424//424
f 425//425 424//424 231//231
f 426//426 425//425 231//231
f 426//426 232//232 425//425
f 427//427 231//231 232//232
f 427//427 426//426 231//231
f 427//427 232//232 426//426
f 428//428 422//422 151//151
f 428//428 423//423 422//422
f 428//428 151//151 152//152
f 429//429 423//423 428//428
f 430//430 231//231 424//424
f 430//430 424//424 423//423
f 430//430 423//423 429//429
f 431//431 430//430 230//230
f 431//431 231//231 430//430
f 432//432 431//431 230//230
f 432//432 231//231 431//431
f 433//433 230//230 231//231
f 433//433 432//432 230//230
f 433//433 231//231 432//432
f 434//434 152//152 153//153
f 434//434 428//428 152//152
f 435//435 429//429 428//428
f 435//435 428//428 434//434
f 436//436 230//230 430//430
f 436//436 430//430 429//429
f 436//436 429//429 435//435
f 437//437 436//436 229//229
f 437//437 230//230 436//436
f 438//438 437//437 229//229
f 438//438 230//230 437//437
f 439//439 229//229 230//230
f 439//439 438//438 229//229
f 439//439 230//230 438//438
f 440//440 434//434 153//153
f 440//440 153//153 154//154
f 440//440 435//435 434//434
f 441//441 435//435 440//440
f 442//442 229//229 436//436
f 442//442 436//436 435//435
f 442//442 435//435 441//441
f 443//443 229//229 442//442
f 443//443 442//442 228//228
f 444//444 443//443 228//228
f 444//444 229//229 443//443
f 445//445 228//228 229//229
f 445//445 444//444 228//228
f 445//445 229//229 444//444
f 446//446 154//154 155//155
f 446//446 440//440 154//154
f 447//447 440//440 446//446
f 447//447 441//441 440//440
f 448//448 441//441 447//447
f 448//448 447//447 227//227
f 448//448 228//228 442//442
f 448//448 442//442 441//441
f 449//449 448//448 227//227
f 449//449 228//228 448//448
f 450//450 449//449 227//227
f 450//450 228//228 449//449
f 451//451 450//450 227//227
f 451//451 228//228 450//450
f 451//451 227//227 228//228
f 452//452 446//446 155//155
f 452//452 155//155 156//156
f 453//453 227//227 447//447
f 453//453 447//447 446//446
f 453//453 446//446 452//452
f 454//454 453//453 226//226
f 454//454 227//227 453//453
f 455//455 454//454 226//226
f 455//455 227//227 454//454
f 456//456 455//455 226//226
f 456//456 227//227 455//455
f 457//457 226//226 227//227
f 457//457 456//456 226//226
f 457//457 227//227 456//456
f 458//458 452//452 156//156
f 458//458 156//156 157//157
f 459//459 226//226 453//453
f 459//459 453//453 452//452
f 459//459 452//452 458//458
f 460//460 226//226 459//459
f 461//461 226//226 460//460
f 462//462 458//458 157//157
f 462//462 459//459 458//458
f 462//462 157//157 158//158
f 463//463 226//226 461//461
f 464//464 459//459 462//462
f 464//464 460//460 459//459
f 465//465 225//225 226//226
f 465//465 226//226 463//463
f 466//466 460//460 464//464
f 467//467 461//461 460//460
f 467//467 463//463 461//461
f 467//467 460//460 466//466
f 468//468 465//465 463//463
f 468//468 463//463 467//467
f 469//469 225//225 465//465
f 469//469 465//465 468//468
f 470//470 462//462 158//158
f 471//471 464//464 462//462
f 471//471 462//462 470//470
f 472//472 466//466 464//464
f 472//472 464//464 471//471
f 473//473 467//467 466//466
f 473//473 468//468 467//467
f 473//473 466//466 472//472
f 474//474 158//158 159//159
f 474//474 470//470 158//158
f 475//475 468//468 473//473
f 476//476 471//471 470//470
f 476//476 470//470 474//474
f 477//477 224//224 225//225
f 477//477 225//225 469//469
f 477//477 469//469 468//468
f 477//477 468//468 475//475
f 478//478 472//472 471//471
f 478//478 471//471 476//476
f 479//479 473//473 472//472
f 479//479 472//472 478//478
f 480//480 473//473 479//479
f 480//480 475//475 473//473
f 481//481 475//475 480//480
f 481//481 224//224 477//477
f 481//481 477//477 475//475
f 482//482 474//474 159//159
f 483//483 474//474 482//482
f 483//483 476//476 474//474
f 484//484 476//476 483//483
f 484//484 478//478 476//476
f 485//485 479//479 478//478
f 485//485 478//478 484//484
f 486//486 159//159 160//160
f 486//486 482//482 159//159
f 487//487 479//479 485//485
f 487//487 480//480 479//479
f 488//488 483//483 482//482
f 488//488 482//482 486//486
f 489//489 481//481 480//480
f 489//489 224//224 481//481
f 489//489 223//223 224//224
f 489//489 480//480 487//487
f 490//490 484//484 483//483
f 490//490 483//483 488//488
f 491//491 485//485 484//484
f 491//491 487//487 485//485
f 491//491 484//484 490//490
f 492//492 487//487 491//491
f 493//493 223//223 489//489
f 493//493 489//489 487//487
f 493//493 487//487 492//492
f 494//494 486//486 160//160
f 495//495 488//488 486//486
f 495//495 486//486 494//494
f 496//496 490//490 488//488
f 496//496 488//488 495//495
f 497//497 491//491 490//490
f 497//497 490//490 496//496
f 498//498 494//494 160//160
f 498//498 160//160 161//161
f 499//499 492//492 491//491
f 499//499 491//491 497//497
f 500//500 494//494 498//498
f 500//500 495//495 494//494
f 501//501 222//222 223//223
f 501//501 223//223 493//493
f 501//501 493//493 492//492
f 501//501 492//492 499//499
f 502//502 495//495 500//500
f 502//502 496//496 495//495
f 503//503 497//497 496//496
f 503//503 499//499 497//497
f 503//503 496//496 502//502
f 504//504 499//499 503//503
f 505//505 222//222 501//501
f 505//505 501//501 499//499
f 505//505 499//499 504//504
f 506//506 500//500 498//498
f 506//506 498//498 161//161
f 507//507 500//500 506//506
f 508//508 502//502 500//500
f 508//508 500//500 507//507
f 509//509 503//503 502//502
f 509//509 502//502 508//508
f 510//510 504//504 503//503
f 510//510 505//505 504//504
f 510//510 503//503 509//509
f 511//511 161//161 162//162
f 511//511 506//506 161//161
f 512//512 221//221 222//222
f 512//512 222//222 505//505
f 512//512 505//505 510//510
f 513//513 507//507 506//506
f 513//513 506//506 511//511
f 514//514 508//508 507//507
f 514//514 507//507 513//513
f 515//515 508//508 514//514
f 515//515 509//509 508//508
f 515//515 510//510 509//509
f 516//516 510//510 515//515
f 517//517 512//512 510//510
f 517//517 510//510 516//516
f 517//517 221//221 512//512
f 518//518 511//511 162//162
f 518//518 513//513 511//511
f 519//519 514//514 513//513
f 519//519 513//513 518//518
f 520//520 514//514 519//519
f 521//521 515//515 514//514
f 521//521 514//514 520//520
f 522//522 517//517 516//516
f 522//522 515//515 521//521
f 522//522 516//516 515//515
f 523//523 518//518 162//162
f 523//523 162//162 163//163
f 524//524 220//220 221//221
f 524//524 221//221 517//517
f 524//524 517//517 522//522
f 525//525 519//519 518//518
f 525//525 518//518 523//523
f 526//526 520//520 519//519
f 526//526 519//519 525//525
f 527//527 520//520 526//526
f 527//527 521//521 520//520
f 528//528 521//521 527//527
f 528//528 522//522 521//521
f 529//529 220//220 524//524
f 529//529 524//524 522//522
f 529//529 522//522 528//528
f 530//530 523//523 163//163
f 530//530 525//525 523//523
f 531//531 525//525 530//530
f 532//532 525//525 531//531
f 532//532 526//526 525//525
f 533//533 527//527 526//526
f 533//533 526//526 532//532
f 534//534 528//528 527//527
f 534//534 529//529 528//528
f 534//534 527//527 533//533
f 535//535 530//530 163//163
f 535//535 163//163 164//164
f 536//536 219//219 220//220
f 536//536 529//529 534//534
f 536//536 220//220 529//529
f 537//537 531//531 530//530
f 537//537 530//530 535//535
f 538//538 531//531 537//537
f 538//538 532//532 531//531
f 539//539 533//533 532//532
f 539//539 532//532 538//538
f 540//540 534//534 533//533
f 540//540 533//533 539//539
f 541//541 219//219 536//536
f 541//541 536//536 534//534
f 541//541 534//534 540//540
f 542//542 535//535 164//164
f 542//542 537//537 535//535
f 543//543 538//538 537//537
f 543//543 537//537 542//542
f 544//544 538//538 543//543
f 545//545 539//539 538//538
f 545//545 538//538 544//544
f 546//546 540//540 539//539
f 546//546 541//541 540//540
f 546//546 539//539 545//545
f 547//547 164//164 165//165
f 547//547 542//542 164//164
f 548//548 218//218 219//219
f 548//548 219//219 541//541
f 548//548 541//541 546//546
f 549//549 543//543 542//542
f 549//549 542//542 547//547
f 550//550 543//543 549//549
f 550//550 544//544 543//543
f 551//551 544//544 550//550
f 551//551 545//545 544//544
f 552//552 546//546 545//545
f 552//552 545//545 551//551
f 553//553 548//548 546//546
f 553//553 546//546 552//552
f 553//553 218//218 548//548
f 554//554 547//547 165//165
f 554//554 549//549 547//547
f 555//555 549//549 554//554
f 556//556 550//550 549//549
f 556//556 549//549 555//555
f 557//557 550//550 556//556
f 557//557 551//551 550//550
f 558//558 552//552 551//551
f 558//558 551//551 557//557
f 559//559 217//217 218//218
f 559//559 218//218 553//553
f 559//559 553//553 552//552
f 559//559 552//552 558//558
f 560//560 554//554 165//165
f 560//560 165//165 166//166
f 561//561 555//555 554//554
f 561//561 554//554 560//560
f 562//562 555//555 561//561
f 562//562 556//556 555//555
f 563//563 557//557 556//556
f 563//563 558//558 557//557
f 563//563 556//556 562//562
f 564//564 558//558 563//563
f 565//565 217//217 559//559
f 565//565 559//559 558//558
f 565//565 558//558 564//564
f 566//566 560//560 166//166
f 567//567 561//561 560//560
f 567//567 560//560 566//566
f 568//568 561//561 567//567
f 568//568 562//562 561//561
f 569//569 563//563 562//562
f 569//569 562//562 568//568
f 570//570 564//564 563//563
f 570//570 563//563 569//569
f 571//571 216//216 217//217
f 571//571 217//217 565//565
f 571//571 565//565 564//564
f 571//571 564//564 570//570
f 572//572 566//566 166//166
f 572//572 166//166 167//167
f 573//573 567//567 566//566
f 573//573 566//566 572//572
f 574//574 568//568 567//567
f 574//574 567//567 573//573
f 575//575 568//568 574//574
f 575//575 569//569 568//568
f 576//576 570//570 569//569
f 576//576 569//569 575//575
f 577//577 216//216 571//571
f 577//577 571//571 570//570
f 577//577 570//570 576//576
f 578//578 572//572 167//167
f 579//579 573//573 572//572
f 579//579 574//574 573//573
f 579//579 572//572 578//578
f 580//580 574//574 579//579
f 581//581 575//575 574//574
f 581//581 574//574 580//580
f 582//582 575//575 581//581
f 582//582 576//576 575//575
f 583//583 215//215 216//216
f 583//583 576//576 582//582
f 583//583 216//216 577//577
f 583//583 577//577 576//576
f 584//584 167//167 168//168
f 584//584 578//578 167//167
f 585//585 579//579 578//578
f 585//585 580//580 579//579
f 585//585 578//578 584//584
f 586//586 580//580 585//585
f 587//587 581//581 580//580
f 587//587 582//582 581//581
f 587//587 580//580 586//586
f 588//588 582//582 587//587
f 589//589 585//585 584//584
f 589//589 584//584 168//168
f 590//590 583//583 582//582
f 590//590 215//215 583//583
f 590//590 582//582 588//588
f 591//591 586//586 585//585
f 591//591 585//585 589//589
f 592//592 586//586 591//591
f 593//593 587//587 586//586
f 593//593 586//586 592//592
f 594//594 588//588 587//587
f 594//594 587//587 593//593
f 595//595 214//214 215//215
f 595//595 215//215 590//590
f 595//595 590//590 588//588
f 595//595 588//588 594//594
f 596//596 589//589 168//168
f 596//596 168//168 169//169
f 597//597 589//589 596//596
f 597//597 591//591 589//589
f 598//598 592//592 591//591
f 598//598 591//591 597//597
f 599//599 592//592 598//598
f 599//599 593//593 592//592
f 600//600 594//594 593//593
f 600//600 593//593 599//599
f 601//601 596//596 169//169
f 601//601 597//597 596//596
f 602//602 214//214 595//595
f 602//602 595//595 594//594
f 602//602 594//594 600//600
f 603//603 597//597 601//601
f 603//603 598//598 597//597
f 604//604 598//598 603//603
f 605//605 599//599 598//598
f 605//605 600//600 599//599
f 605//605 598//598 604//604
f 606//606 600//600 605//605
f 607//607 213//213 214//214
f 607//607 214//214 602//602
f 607//607 602//602 600//600
f 607//607 600//600 606//606
f 608//608 601//601 169//169
f 608//608 169//169 170//170
f 608//608 603//603 601//601
f 609//609 604//604 603//603
f 609//609 603//603 608//608
f 610//610 604//604 609//609
f 611//611 605//605 604//604
f 611//611 604//604 610//610
f 612//612 606//606 605//605
f 612//612 605//605 611//611
f 613//613 608//608 170//170
f 614//614 213//213 607//607
f 614//614 607//607 606//606
f 614//614 606//606 612//612
f 615//615 608//608 613//613
f 615//615 609//609 608//608
f 616//616 609//609 615//615
f 616//616 610//610 609//609
f 617//617 610//610 616//616
f 617//617 611//611 610//610
f 618//618 611//611 617//617
f 618//618 612//612 611//611
f 619//619 213//213 614//614
f 619//619 212//212 213//213
f 619//619 612//612 618//618
f 619//619 614//614 612//612
f 620//620 613//613 170//170
f 620//620 170//170 171//171
f 621//621 613//613 620//620
f 621//621 615//615 613//613
f 621//621 616//616 615//615
f 622//622 616//616 621//621
f 623//623 617//617 616//616
f 623//623 616//616 622//622
f 624//624 618//618 617//617
f 624//624 617//617 623//623
f 625//625 620//620 171//171
f 625//625 621//621 620//620
f 626//626 212//212 619//619
f 626//626 619//619 618//618
f 626//626 618//618 624//624
f 627//627 621//621 625//625
f 628//628 622//622 621//621
f 628//628 621//621 627//627
f 629//629 623//623 622//622
f 629//629 624//624 623//623
f 629//629 622//622 628//628
f 630//630 624//624 629//629
f 631//631 211//211 212//212
f 631//631 212//212 626//626
f 631//631 626//626 624//624
f 631//631 624//624 630//630
f 632//632 625//625 171//171
f 632//632 171//171 172//172
f 633//633 625//625 632//632
f 633//633 627//627 625//625
f 634//634 627//627 633//633
f 634//634 628//628 627//627
f 635//635 629//629 628//628
f 635//635 628//628 634//634
f 636//636 632//632 172//172
f 636//636 633//633 632//632
f 637//637 630//630 629//629
f 637//637 629//629 635//635
f 638//638 634//634 633//633
f 638//638 633//633 636//636
f 639//639 630//630 637//637
f 639//639 211//211 631//631
f 639//639 631//631 630//630
f 640//640 635//635 634//634
f 640//640 634//634 638//638
f 641//641 637//637 635//635
f 641//641 635//635 640//640
f 642//642 637//637 641//641
f 643//643 210//210 211//211
f 643//643 639//639 637//637
f 643//643 211//211 639//639
f 643//643 637//637 642//642
f 644//644 636//636 172//172
f 644//644 172//172 173//173
f 645//645 636//636 644//644
f 645//645 638//638 636//636
f 645//645 640//640 638//638
f 646//646 640//640 645//645
f 647//647 641//641 640//640
f 647//647 640//640 646//646
f 648//648 645//645 644//644
f 648//648 644//644 173//173
f 649//649 641//641 647//647
f 649//649 642//642 641//641
f 650//650 645//645 648//648
f 650//650 646//646 645//645
f 651//651 642//642 649//649
f 651//651 210//210 643//643
f 651//651 643//643 642//642
f 652//652 646//646 650//650
f 653//653 647//647 646//646
f 653//653 646//646 652//652
f 653//653 649//649 647//647
f 654//654 649//649 653//653
f 655//655 209//209 210//210
f 655//655 651//651 649//649
f 655//655 210//210 651//651
f 655//655 649//649 654//654
f 656//656 648//648 173//173
f 656//656 173//173 174//174
f 657//657 650//650 648//648
f 657//657 648//648 656//656
f 658//658 652//652 650//650
f 658//658 650//650 657//657
f 659//659 653//653 652//652
f 659//659 652//652 658//658
f 660//660 656//656 174//174
f 661//661 654//654 653//653
f 661//661 653//653 659//659
f 662//662 656//656 660//660
f 662//662 657//657 656//656
f 662//662 658//658 657//657
f 663//663 209//209 655//655
f 663//663 655//655 654//654
f 663//663 654//654 661//661
f 664//664 659//659 658//658
f 664//664 658//658 662//662
f 665//665 659//659 664//664
f 666//666 661//661 659//659
f 666//666 659//659 665//665
f 667//667 208//208 209//209
f 667//667 209//209 663//663
f 667//667 663//663 661//661
f 667//667 661//661 666//666
f 668//668 660//660 174//174
f 668//668 662//662 660//660
f 668//668 174//174 175//175
f 669//669 664//664 662//662
f 669//669 662//662 668//668
f 670//670 664//664 669//669
f 671//671 665//665 664//664
f 671//671 666//666 665//665
f 671//671 664//664 670//670
f 672//672 668//668 175//175
f 673//673 666//666 671//671
f 674//674 669//669 668//668
f 674//674 668//668 672//672
f 675//675 666//666 673//673
f 675//675 208//208 667//667
f 675//675 667//667 666//666
f 676//676 670//670 669//669
f 676//676 669//669 674//674
f 677//677 671//671 670//670
f 677//677 670//670 676//676
f 678//678 673//673 671//671
f 678//678 671//671 677//677
f 679//679 207//207 208//208
f 679//679 675//675 673//673
f 679//679 208//208 675//675
f 679//679 673//673 678//678
f 680//680 672//672 175//175
f 680//680 175//175 176//176
f 681//681 680//680 176//176
f 681//681 674//674 672//672
f 681//681 672//672 680//680
f 682//682 674//674 681//681
f 682//682 676//676 674//674
f 682//682 681//681 176//176
f 683//683 682//682 176//176
f 683//683 676//676 682//682
f 683//683 677//677 676//676
f 683//683 678//678 677//677
f 240//240 683//683 176//176
f 240//240 678//678 683//683
f 239//239 678//678 240//240
f 239//239 207//207 679//679
f 239//239 679//679 678//678
f 684//684 176//176 177//177
f 685//685 176//176 684//684
f 685//685 684//684 177//177
f 686//686 176//176 685//685
f 686//686 685//685 177//177
f 241//241 686//686 177//177
f 241//241 240//240 176//176
f 241//241 176//176 686//686
f 786//786 738//738 737//737
f 790//790 786//786 737//737
f 787//787 739//739 738//738
f 787//787 740//740 739//739
f 787//787 741//741 740//740
f 787//787 742//742 741//741
f 789//789 790//790 737//737
f 789//789 734//734 733//733
f 789//789 735//735 734//734
f 789//789 736//736 735//735
f 789//789 737//737 736//736
f 743//743 742//742 787//787
f 788//788 789//789 733//733
f 788//788 743//743 787//787
f 788//788 733//733 732//732
f 788//788 744//744 743//743
f 746//746 726//726 725//725
f 746//746 727//727 726//726
f 746//746 728//728 727//727
f 746//746 729//729 728//728
f 777//777 690//690 689//689
f 777//777 691//691 690//690
f 777//777 692//692 691//691
f 777//777 693//693 692//692
f 759//759 760//760 788//788
f 761//761 788//788 760//760
f 758//758 759//759 788//788
f 762//762 744//744 788//788
f 762//762 788//788 761//761
f 757//757 732//732 731//731
f 757//757 788//788 732//732
f 757//757 758//758 788//788
f 763//763 688//688 687//687
f 763//763 744//744 762//762
f 763//763 687//687 744//744
f 756//756 731//731 730//730
f 756//756 757//757 731//731
f 764//764 688//688 763//763
f 724//724 746//746 725//725
f 694//694 693//693 777//777
f 747//747 730//730 729//729
f 747//747 729//729 746//746
f 747//747 754//754 755//755
f 747//747 755//755 756//756
f 747//747 756//756 730//730
f 776//776 689//689 688//688
f 776//776 777//777 689//689
f 776//776 764//764 765//765
f 776//776 765//765 766//766
f 776//776 688//688 764//764
f 753//753 754//754 747//747
f 767//767 776//776 766//766
f 752//752 753//753 747//747
f 768//768 776//776 767//767
f 695//695 694//694 778//778
f 695//695 778//778 779//779
f 723//723 745//745 724//724
f 723//723 749//749 745//745
f 751//751 752//752 747//747
f 769//769 776//776 768//768
f 748//748 749//749 723//723
f 780//780 695//695 779//779
f 696//696 695//695 780//780
f 722//722 748//748 723//723
f 697//697 696//696 780//780
f 721//721 748//748 722//722
f 698//698 697//697 780//780
f 720//720 748//748 721//721
f 699//699 698//698 780//780
f 719//719 748//748 720//720
f 700//700 699//699 780//780
f 700//700 780//780 776//776
f 718//718 747//747 748//748
f 718//718 748//748 719//719
f 701//701 700//700 776//776
f 701//701 776//776 769//769
f 717//717 751//751 747//747
f 717//717 750//750 751//751
f 717//717 747//747 718//718
f 702//702 701//701 769//769
f 702//702 769//769 770//770
f 783//783 770//770 771//771
f 783//783 771//771 772//772
f 783//783 772//772 773//773
f 783//783 773//773 774//774
f 783//783 774//774 775//775
f 716//716 750//750 717//717
f 703//703 702//702 770//770
f 703//703 770//770 783//783
f 715//715 783//783 775//775
f 715//715 750//750 716//716
f 715//715 775//775 750//750
f 704//704 703//703 783//783
f 784//784 704//704 783//783
f 714//714 783//783 715//715
f 714//714 782//782 783//783
f 705//705 704//704 784//784
f 713//713 782//782 714//714
f 706//706 705//705 784//784
f 712//712 782//782 713//713
f 707//707 706//706 784//784
f 711//711 782//782 712//712
f 708//708 784//784 785//785
f 708//708 707//707 784//784
f 710//710 782//782 711//711
f 709//709 708//708 785//785
f 709//709 781//781 710//710
f 709//709 785//785 781//781
f 745//745 746//746 724//724
f 777//777 778//778 694//694
f 781//781 782//782 710//710
f 786//786 787//787 738//738
f 791//791 836//836 837//837
f 792//792 791//791 837//837
f 792//792 837//837 838//838
f 793//793 792//792 838//838
f 793//793 838//838 839//839
f 794//794 793//793 839//839
f 794//794 839//839 840//840
f 795//795 794//794 840//840
f 795//795 840//840 841//841
f 796//796 795//795 841//841
f 796//796 841//841 842//842
f 797//797 796//796 842//842
f 797//797 842//842 843//843
f 798//798 843//843 844//844
f 798//798 797//797 843//843
f 799//799 844//844 845//845
f 799//799 798//798 844//844
f 800//800 845//845 846//846
f 800//800 799//799 845//845
f 801//801 846//846 847//847
f 801//801 800//800 846//846
f 802//802 847//847 848//848
f 802//802 801//801 847//847
f 803//803 848//848 849//849
f 803//803 802//802 848//848
f 804//804 849//849 850//850
f 804//804 803//803 849//849
f 805//805 850//850 851//851
f 805//805 804//804 850//850
f 806//806 851//851 852//852
f 806//806 805//805 851//851
f 807//807 852//852 853//853
f 807//807 806//806 852//852
f 808//808 853//853 854//854
f 808//808 807//807 853//853
f 809//809 854//854 855//855
f 809//809 808//808 854//854
f 810//810 855//855 856//856
f 810//810 809//809 855//855
f 811//811 810//810 856//856
f 811//811 856//856 857//857
f 812//812 811//811 857//857
f 812//812 857//857 858//858
f 813//813 812//812 858//858
f 813//813 858//858 859//859
f 814//814 813//813 859//859
f 814//814 859//859 860//860
f 815//815 814//814 860//860
f 815//815 860//860 861//861
f 816//816 815//815 861//861
f 816//816 861//861 862//862
f 817//817 816//816 862//862
f 817//817 862//862 863//863
f 818//818 817//817 863//863
f 818//818 863//863 864//864
f 819//819 818//818 864//864
f 819//819 864//864 865//865
f 820//820 819//819 865//865
f 820//820 865//865 866//866
f 821//821 820//820 866//866
f 821//821 866//866 867//867
f 822//822 821//821 867//867
f 822//822 867//867 868//868
f 823//823 822//822 868//868
f 823//823 868//868 869//869
f 824//824 823//823 869//869
f 824//824 869//869 870//870
f 825//825 824//824 870//870
f 825//825 870//870 871//871
f 826//826 825//825 871//871
f 826//826 871//871 872//872
f 827//827 826//826 872//872
f 827//827 872//872 873//873
f 828//828 827//827 873//873
f 828//828 873//873 874//874
f 829//829 828//828 874//874
f 829//829 874//874 875//875
f 830//830 829//829 875//875
f 830//830 875//875 876//876
f 831//831 830//830 876//876
f 831//831 876//876 877//877
f 832//832 877//877 878//878
f 832//832 831//831 877//877
f 833//833 878//878 879//879
f 833//833 832//832 878//878
f 834//834 879//879 880//880
f 834//834 833//833 879//879
f 835//835 880//880 881//881
f 835//835 834//834 880//880
f 897//897 835//835 881//881
f 897//897 881//881 882//882
f 898//898 897//897 882//882
f 898//898 882//882 883//883
f 899//899 898//898 883//883
f 899//899 883//883 884//884
f 900//900 899//899 884//884
f 900//900 884//884 885//885
f 901//901 900//900 885//885
f 901//901 885//885 886//886
f 902//902 901//901 886//886
f 902//902 886//886 887//887
f 903//903 902//902 887//887
f 903//903 887//887 888//888
f 904//904 903//903 888//888
f 904//904 888//888 889//889
f 905//905 904//904 889//889
f 905//905 889//889 890//890
f 906//906 905//905 890//890
f 906//906 890//890 891//891
f 907//907 891//891 892//892
f 907//907 906//906 891//891
f 908//908 892//892 893//893
f 908//908 907//907 892//892
f 909//909 893//893 894//894
f 909//909 908//908 893//893
f 910//910 894//894 895//895
f 910//910 909//909 894//894
f 896//896 910//910 895//895
f 979//979 971//971 972//972
f 1010//1010 928//928 929//929
f 1010//1010 929//929 930//930
f 1011//1011 927//927 928//928
f 1011//1011 928//928 1010//1010
f 1012//1012 927//927 1011//1011
f 1012//1012 926//926 927//927
f 1013//1013 925//925 926//926
f 1013//1013 926//926 1012//1012
f 1014//1014 924//924 925//925
f 1014//1014 925//925 1013//1013
f 1015//1015 921//921 922//922
f 1015//1015 922//922 923//923
f 1015//1015 923//923 924//924
f 1015//1015 924//924 1014//1014
f 1016//1016 930//930 931//931
f 1016//1016 1010//1010 930//930
f 1017//1017 1011//1011 1010//1010
f 1017//1017 1010//1010 1016//1016
f 1018//1018 1012//1012 1011//1011
f 1018//1018 1011//1011 1017//1017
f 1019//1019 1013//1013 1012//1012
f 1019//1019 1012//1012 1018//1018
f 1020//1020 1014//1014 1013//1013
f 1020//1020 1013//1013 1019//1019
f 1021//1021 920//920 921//921
f 1021//1021 921//921 1015//1015
f 1021//1021 1014//1014 1020//1020
f 1021//1021 1015//1015 1014//1014
f 1022//1022 931//931 932//932
f 1022//1022 1016//1016 931//931
f 1023//1023 1016//1016 1022//1022
f 1023//1023 1017//1017 1016//1016
f 1024//1024 1017//1017 1023//1023
f 1024//1024 1018//1018 1017//1017
f 1025//1025 1018//1018 1024//1024
f 1025//1025 1019//1019 1018//1018
f 1026//1026 1020//1020 1019//1019
f 1026//1026 1019//1019 1025//1025
f 1027//1027 919//919 920//920
f 1027//1027 1020//1020 1026//1026
f 1027//1027 1021//1021 1020//1020
f 1027//1027 920//920 1021//1021
f 1028//1028 932//932 933//933
f 1028//1028 1022//1022 932//932
f 1029//1029 1022//1022 1028//1028
f 1029//1029 1023//1023 1022//1022
f 1030//1030 1024//1024 1023//1023
f 1030//1030 1023//1023 1029//1029
f 1031//1031 1024//1024 1030//1030
f 1031//1031 1025//1025 1024//1024
f 1032//1032 1025//1025 1031//1031
f 1032//1032 1026//1026 1025//1025
f 1033//1033 918//918 919//919
f 1033//1033 1027//1027 1026//1026
f 1033//1033 919//919 1027//1027
f 1033//1033 1026//1026 1032//1032
f 1034//1034 933//933 934//934
f 1034//1034 934//934 935//935
f 1034//1034 1028//1028 933//933
f 1034//1034 1029//1029 1028//1028
f 1035//1035 1029//1029 1034//1034
f 1036//1036 1029//1029 1035//1035
f 1036//1036 1030//1030 1029//1029
f 1037//1037 1030//1030 1036//1036
f 1037//1037 1031//1031 1030//1030
f 1038//1038 1032//1032 1031//1031
f 1038//1038 1033//1033 1032//1032
f 1038//1038 1031//1031 1037//1037
f 1039//1039 917//917 918//918
f 1039//1039 1033//1033 1038//1038
f 1039//1039 918//918 1033//1033
f 1040//1040 1034//1034 935//935
f 1041//1041 1035//1035 1034//1034
f 1041//1041 1034//1034 1040//1040
f 1042//1042 1035//1035 1041//1041
f 1042//1042 1036//1036 1035//1035
f 1043//1043 1037//1037 1036//1036
f 1043//1043 1036//1036 1042//1042
f 1043//1043 1038//1038 1037//1037
f 1044//1044 1038//1038 1043//1043
f 1045//1045 916//916 917//917
f 1045//1045 1038//1038 1044//1044
f 1045//1045 1039//1039 1038//1038
f 1045//1045 917//917 1039//1039
f 1046//1046 935//935 936//936
f 1046//1046 1040//1040 935//935
f 1047//1047 1040//1040 1046//1046
f 1047//1047 1041//1041 1040//1040
f 1048//1048 1041//1041 1047//1047
f 1048//1048 1042//1042 1041//1041
f 1049//1049 1043//1043 1042//1042
f 1049//1049 1042//1042 1048//1048
f 1050//1050 1043//1043 1049//1049
f 1050//1050 1044//1044 1043//1043
f 1051//1051 915//915 916//916
f 1051//1051 1044//1044 1050//1050
f 1051//1051 916//916 1045//1045
f 1051//1051 1045//1045 1044//1044
f 1052//1052 1046//1046 936//936
f 1052//1052 936//936 937//937
f 1053//1053 1046//1046 1052//1052
f 1053//1053 1047//1047 1046//1046
f 1053//1053 1048//1048 1047//1047
f 1054//1054 1048//1048 1053//1053
f 1055//1055 1049//1049 1048//1048
f 1055//1055 1050//1050 1049//1049
f 1055//1055 1048//1048 1054//1054
f 1056//1056 1050//1050 1055//1055
f 1057//1057 914//914 915//915
f 1057//1057 915//915 1051//1051
f 1057//1057 1051//1051 1050//1050
f 1057//1057 1050//1050 1056//1056
f 1058//1058 1052//1052 937//937
f 1058//1058 1053//1053 1052//1052
f 1058//1058 937//937 938//938
f 1059//1059 1053//1053 1058//1058
f 1060//1060 1053//1053 1059//1059
f 1060//1060 1054//1054 1053//1053
f 1061//1061 1055//1055 1054//1054
f 1061//1061 1054//1054 1060//1060
f 1062//1062 1055//1055 1061//1061
f 1062//1062 1056//1056 1055//1055
f 1063//1063 913//913 914//914
f 1063//1063 914//914 1057//1057
f 1063//1063 1057//1057 1056//1056
f 1063//1063 1056//1056 1062//1062
f 1064//1064 938//938 939//939
f 1064//1064 1058//1058 938//938
f 1065//1065 1059//1059 1058//1058
f 1065//1065 1060//1060 1059//1059
f 1065//1065 1058//1058 1064//1064
f 1066//1066 1060//1060 1065//1065
f 1067//1067 1062//1062 1061//1061
f 1067//1067 1061//1061 1060//1060
f 1067//1067 1060//1060 1066//1066
f 1068//1068 1062//1062 1067//1067
f 1069//1069 912//912 913//913
f 1069//1069 913//913 1063//1063
f 1069//1069 1063//1063 1062//1062
f 1069//1069 1062//1062 1068//1068
f 1070//1070 939//939 940//940
f 1070//1070 1064//1064 939//939
f 1071//1071 1065//1065 1064//1064
f 1071//1071 1064//1064 1070//1070
f 1072//1072 1066//1066 1065//1065
f 1072//1072 1065//1065 1071//1071
f 1072//1072 1067//1067 1066//1066
f 1073//1073 1067//1067 1072//1072
f 1074//1074 1067//1067 1073//1073
f 1074//1074 1068//1068 1067//1067
f 1075//1075 911//911 912//912
f 1075//1075 912//912 1069//1069
f 1075//1075 1069//1069 1068//1068
f 1075//1075 1068//1068 1074//1074
f 1076//1076 940//940 941//941
f 1076//1076 1070//1070 940//940
f 1076//1076 1071//1071 1070//1070
f 1077//1077 1071//1071 1076//1076
f 1078//1078 1072//1072 1071//1071
f 1078//1078 1071//1071 1077//1077
f 1079//1079 1074//1074 1073//1073
f 1079//1079 1073//1073 1072//1072
f 1079//1079 1072//1072 1078//1078
f 1080//1080 1074//1074 1079//1079
f 1081//1081 1074//1074 1080//1080
f 1081//1081 911//911 1075//1075
f 1081//1081 1075//1075 1074//1074
f 1081//1081 1009//1009 911//911
f 1082//1082 941//941 942//942
f 1082//1082 1076//1076 941//941
f 1083//1083 1076//1076 1082//1082
f 1083//1083 1077//1077 1076//1076
f 1084//1084 1077//1077 1083//1083
f 1084//1084 1078//1078 1077//1077
f 1084//1084 1079//1079 1078//1078
f 1085//1085 1079//1079 1084//1084
f 1086//1086 1080//1080 1079//1079
f 1086//1086 1079//1079 1085//1085
f 1087//1087 1081//1081 1080//1080
f 1087//1087 1009//1009 1081//1081
f 1087//1087 1080//1080 1086//1086
f 1087//1087 1086//1086 1008//1008
f 1087//1087 1008//1008 1009//1009
f 1088//1088 942//942 943//943
f 1088//1088 1082//1082 942//942
f 1088//1088 1083//1083 1082//1082
f 1089//1089 1083//1083 1088//1088
f 1090//1090 1084//1084 1083//1083
f 1090//1090 1083//1083 1089//1089
f 1091//1091 1084//1084 1090//1090
f 1091//1091 1085//1085 1084//1084
f 1092//1092 1086//1086 1085//1085
f 1092//1092 1008//1008 1086//1086
f 1092//1092 1085//1085 1091//1091
f 1093//1093 1008//1008 1092//1092
f 1093//1093 1092//1092 1007//1007
f 1093//1093 1007//1007 1008//1008
f 1094//1094 1088//1088 943//943
f 1094//1094 943//943 944//944
f 1095//1095 1089//1089 1088//1088
f 1095//1095 1088//1088 1094//1094
f 1095//1095 1090//1090 1089//1089
f 1096//1096 1090//1090 1095//1095
f 1097//1097 1091//1091 1090//1090
f 1097//1097 1092//1092 1091//1091
f 1097//1097 1090//1090 1096//1096
f 1098//1098 1092//1092 1097//1097
f 1098//1098 1007//1007 1092//1092
f 1098//1098 1097//1097 1006//1006
f 1099//1099 1007//1007 1098//1098
f 1099//1099 1098//1098 1006//1006
f 1099//1099 1006//1006 1007//1007
f 1100//1100 944//944 945//945
f 1100//1100 1094//1094 944//944
f 1101//1101 1095//1095 1094//1094
f 1101//1101 1094//1094 1100//1100
f 1102//1102 1096//1096 1095//1095
f 1102//1102 1095//1095 1101//1101
f 1103//1103 1097//1097 1096//1096
f 1103//1103 1006//1006 1097//1097
f 1103//1103 1096//1096 1102//1102
f 1104//1104 1006//1006 1103//1103
f 1104//1104 1103//1103 1005//1005
f 1105//1105 1006//1006 1104//1104
f 1105//1105 1104//1104 1005//1005
f 1105//1105 1005//1005 1006//1006
f 1106//1106 945//945 946//946
f 1106//1106 1100//1100 945//945
f 1107//1107 1100//1100 1106//1106
f 1107//1107 1101//1101 1100//1100
f 1108//1108 1102//1102 1101//1101
f 1108//1108 1101//1101 1107//1107
f 1109//1109 1103//1103 1102//1102
f 1109//1109 1005//1005 1103//1103
f 1109//1109 1102//1102 1108//1108
f 1110//1110 1005//1005 1109//1109
f 1110//1110 1109//1109 1004//1004
f 1111//1111 1005//1005 1110//1110
f 1111//1111 1004//1004 1005//1005
f 1111//1111 1110//1110 1004//1004
f 1112//1112 946//946 947//947
f 1112//1112 1106//1106 946//946
f 1113//1113 1106//1106 1112//1112
f 1113//1113 1107//1107 1106//1106
f 1113//1113 1108//1108 1107//1107
f 1114//1114 1108//1108 1113//1113
f 1115//1115 1108//1108 1114//1114
f 1115//1115 1109//1109 1108//1108
f 1115//1115 1004//1004 1109//1109
f 1116//1116 1115//1115 1003//1003
f 1116//1116 1004//1004 1115//1115
f 1117//1117 1116//1116 1003//1003
f 1117//1117 1004//1004 1116//1116
f 1117//1117 1003//1003 1004//1004
f 1118//1118 947//947 948//948
f 1118//1118 1112//1112 947//947
f 1119//1119 1114//1114 1113//1113
f 1119//1119 1112//1112 1118//1118
f 1119//1119 1113//1113 1112//1112
f 1120//1120 1114//1114 1119//1119
f 1121//1121 1115//1115 1114//1114
f 1121//1121 1114//1114 1120//1120
f 1121//1121 1003//1003 1115//1115
f 1122//1122 1003//1003 1121//1121
f 1122//1122 1121//1121 1002//1002
f 1123//1123 1003//1003 1122//1122
f 1123//1123 1122//1122 1002//1002
f 1123//1123 1002//1002 1003//1003
f 1124//1124 948//948 949//949
f 1124//1124 949//949 950//950
f 1124//1124 1118//1118 948//948
f 1125//1125 1119//1119 1118//1118
f 1125//1125 1118//1118 1124//1124
f 1126//1126 1120//1120 1119//1119
f 1126//1126 1119//1119 1125//1125
f 1127//1127 1121//1121 1120//1120
f 1127//1127 1002//1002 1121//1121
f 1127//1127 1120//1120 1126//1126
f 1128//1128 1002//1002 1127//1127
f 1128//1128 1127//1127 1001//1001
f 1129//1129 1002//1002 1128//1128
f 1129//1129 1128//1128 1001//1001
f 1129//1129 1001//1001 1002//1002
f 1130//1130 1124//1124 950//950
f 1131//1131 1124//1124 1130//1130
f 1131//1131 1126//1126 1125//1125
f 1131//1131 1125//1125 1124//1124
f 1132//1132 1127//1127 1126//1126
f 1132//1132 1126//1126 1131//1131
f 1133//1133 1130//1130 950//950
f 1133//1133 950//950 951//951
f 1134//1134 1127//1127 1132//1132
f 1134//1134 1001//1001 1127//1127
f 1135//1135 1131//1131 1130//1130
f 1135//1135 1130//1130 1133//1133
f 1136//1136 1001//1001 1134//1134
f 1137//1137 1132//1132 1131//1131
f 1137//1137 1131//1131 1135//1135
f 1138//1138 1001//1001 1136//1136
f 1138//1138 1000//1000 1001//1001
f 1139//1139 1134//1134 1132//1132
f 1139//1139 1132//1132 1137//1137
f 1140//1140 1136//1136 1134//1134
f 1140//1140 1134//1134 1139//1139
f 1141//1141 1138//1138 1136//1136
f 1141//1141 1000//1000 1138//1138
f 1141//1141 1136//1136 1140//1140
f 1142//1142 1133//1133 951//951
f 1143//1143 1135//1135 1133//1133
f 1143//1143 1133//1133 1142//1142
f 1144//1144 1139//1139 1137//1137
f 1144//1144 1137//1137 1135//1135
f 1144//1144 1135//1135 1143//1143
f 1145//1145 1142//1142 951//951
f 1145//1145 951//951 952//952
f 1146//1146 1139//1139 1144//1144
f 1147//1147 1142//1142 1145//1145
f 1147//1147 1143//1143 1142//1142
f 1148//1148 1140//1140 1139//1139
f 1148//1148 1139//1139 1146//1146
f 1149//1149 1143//1143 1147//1147
f 1149//1149 1144//1144 1143//1143
f 1150//1150 1000//1000 1141//1141
f 1150//1150 1141//1141 1140//1140
f 1150//1150 999//999 1000//1000
f 1150//1150 1140//1140 1148//1148
f 1151//1151 1144//1144 1149//1149
f 1151//1151 1146//1146 1144//1144
f 1152//1152 1146//1146 1151//1151
f 1152//1152 1148//1148 1146//1146
f 1153//1153 1145//1145 952//952
f 1154//1154 1150//1150 1148//1148
f 1154//1154 999//999 1150//1150
f 1154//1154 1148//1148 1152//1152
f 1155//1155 1145//1145 1153//1153
f 1155//1155 1147//1147 1145//1145
f 1156//1156 1147//1147 1155//1155
f 1156//1156 1149//1149 1147//1147
f 1157//1157 1153//1153 952//952
f 1157//1157 952//952 953//953
f 1158//1158 1151//1151 1149//1149
f 1158//1158 1149//1149 1156//1156
f 1159//1159 1155//1155 1153//1153
f 1159//1159 1153//1153 1157//1157
f 1160//1160 1151//1151 1158//1158
f 1160//1160 1152//1152 1151//1151
f 1161//1161 1156//1156 1155//1155
f 1161//1161 1158//1158 1156//1156
f 1161//1161 1155//1155 1159//1159
f 1162//1162 999//999 1154//1154
f 1162//1162 1154//1154 1152//1152
f 1162//1162 1152//1152 1160//1160
f 1162//1162 998//998 999//999
f 1163//1163 1158//1158 1161//1161
f 1164//1164 1160//1160 1158//1158
f 1164//1164 1158//1158 1163//1163
f 1165//1165 1157//1157 953//953
f 1166//1166 1162//1162 1160//1160
f 1166//1166 998//998 1162//1162
f 1166//1166 1160//1160 1164//1164
f 1167//1167 1159//1159 1157//1157
f 1167//1167 1157//1157 1165//1165
f 1167//1167 1161//1161 1159//1159
f 1168//1168 1161//1161 1167//1167
f 1169//1169 1163//1163 1161//1161
f 1169//1169 1161//1161 1168//1168
f 1170//1170 953//953 954//954
f 1170//1170 1165//1165 953//953
f 1171//1171 1164//1164 1163//1163
f 1171//1171 1166//1166 1164//1164
f 1171//1171 1163//1163 1169//1169
f 1172//1172 1165//1165 1170//1170
f 1172//1172 1167//1167 1165//1165
f 1173//1173 998//998 1166//1166
f 1173//1173 1166//1166 1171//1171
f 1173//1173 997//997 998//998
f 1174//1174 1168//1168 1167//1167
f 1174//1174 1167//1167 1172//1172
f 1174//1174 1169//1169 1168//1168
f 1175//1175 1169//1169 1174//1174
f 1176//1176 1171//1171 1169//1169
f 1176//1176 1169//1169 1175//1175
f 1177//1177 1170//1170 954//954
f 1178//1178 1173//1173 1171//1171
f 1178//1178 997//997 1173//1173
f 1178//1178 1171//1171 1176//1176
f 1179//1179 1174//1174 1172//1172
f 1179//1179 1172//1172 1170//1170
f 1179//1179 1170//1170 1177//1177
f 1180//1180 1175//1175 1174//1174
f 1180//1180 1174//1174 1179//1179
f 1181//1181 1175//1175 1180//1180
f 1182//1182 1177//1177 954//954
f 1182//1182 954//954 955//955
f 1182//1182 1179//1179 1177//1177
f 1183//1183 1176//1176 1175//1175
f 1183//1183 1175//1175 1181//1181
f 1184//1184 1179//1179 1182//1182
f 1185//1185 996//996 997//997
f 1185//1185 997//997 1178//1178
f 1185//1185 1178//1178 1176//1176
f 1185//1185 1176//1176 1183//1183
f 1186//1186 1180//1180 1179//1179
f 1186//1186 1179//1179 1184//1184
f 1187//1187 1181//1181 1180//1180
f 1187//1187 1180//1180 1186//1186
f 1188//1188 1183//1183 1181//1181
f 1188//1188 1185//1185 1183//1183
f 1188//1188 1181//1181 1187//1187
f 1189//1189 1182//1182 955//955
f 1190//1190 996//996 1185//1185
f 1190//1190 1185//1185 1188//1188
f 1191//1191 1184//1184 1182//1182
f 1191//1191 1182//1182 1189//1189
f 1191//1191 1186//1186 1184//1184
f 1192//1192 1186//1186 1191//1191
f 1192//1192 1187//1187 1186//1186
f 1193//1193 1187//1187 1192//1192
f 1194//1194 1189//1189 955//955
f 1194//1194 1191//1191 1189//1189
f 1194//1194 955//955 956//956
f 1195//1195 1188//1188 1187//1187
f 1195//1195 1187//1187 1193//1193
f 1196//1196 1191//1191 1194//1194
f 1197//1197 996//996 1190//1190
f 1197//1197 1190//1190 1188//1188
f 1197//1197 1188//1188 1195//1195
f 1197//1197 995//995 996//996
f 1198//1198 1192//1192 1191//1191
f 1198//1198 1191//1191 1196//1196
f 1199//1199 1192//1192 1198//1198
f 1199//1199 1193//1193 1192//1192
f 1200//1200 1194//1194 956//956
f 1201//1201 1195//1195 1193//1193
f 1201//1201 1193//1193 1199//1199
f 1202//1202 1194//1194 1200//1200
f 1202//1202 1196//1196 1194//1194
f 1203//1203 1195//1195 1201//1201
f 1203//1203 1197//1197 1195//1195
f 1203//1203 995//995 1197//1197
f 1204//1204 1198//1198 1196//1196
f 1204//1204 1196//1196 1202//1202
f 1205//1205 1199//1199 1198//1198
f 1205//1205 1198//1198 1204//1204
f 1206//1206 1200//1200 956//956
f 1206//1206 956//956 957//957
f 1207//1207 1203//1203 1201//1201
f 1207//1207 1201//1201 1199//1199
f 1207//1207 1199//1199 1205//1205
f 1208//1208 1202//1202 1200//1200
f 1208//1208 1200//1200 1206//1206
f 1208//1208 1204//1204 1202//1202
f 1209//1209 995//995 1203//1203
f 1209//1209 1203//1203 1207//1207
f 1209//1209 994//994 995//995
f 1210//1210 1204//1204 1208//1208
f 1211//1211 1204//1204 1210//1210
f 1211//1211 1205//1205 1204//1204
f 1212//1212 1208//1208 1206//1206
f 1212//1212 1206//1206 957//957
f 1213//1213 1207//1207 1205//1205
f 1213//1213 1205//1205 1211//1211
f 1214//1214 1208//1208 1212//1212
f 1215//1215 1209//1209 1207//1207
f 1215//1215 994//994 1209//1209
f 1215//1215 1207//1207 1213//1213
f 1216//1216 1210//1210 1208//1208
f 1216//1216 1208//1208 1214//1214
f 1217//1217 1210//1210 1216//1216
f 1217//1217 1211//1211 1210//1210
f 1218//1218 1211//1211 1217//1217
f 1218//1218 1213//1213 1211//1211
f 1219//1219 957//957 958//958
f 1219//1219 1212//1212 957//957
f 1220//1220 994//994 1215//1215
f 1220//1220 1213//1213 1218//1218
f 1220//1220 993//993 994//994
f 1220//1220 1215//1215 1213//1213
f 1221//1221 1212//1212 1219//1219
f 1221//1221 1214//1214 1212//1212
f 1222//1222 1216//1216 1214//1214
f 1222//1222 1214//1214 1221//1221
f 1223//1223 1218//1218 1217//1217
f 1223//1223 1216//1216 1222//1222
f 1223//1223 1217//1217 1216//1216
f 1224//1224 1219//1219 958//958
f 1225//1225 1218//1218 1223//1223
f 1226//1226 1221//1221 1219//1219
f 1226//1226 1219//1219 1224//1224
f 1227//1227 1218//1218 1225//1225
f 1227//1227 1220//1220 1218//1218
f 1227//1227 993//993 1220//1220
f 1228//1228 1222//1222 1221//1221
f 1228//1228 1221//1221 1226//1226
f 1229//1229 1223//1223 1222//1222
f 1229//1229 1222//1222 1228//1228
f 1230//1230 1225//1225 1223//1223
f 1230//1230 1223//1223 1229//1229
f 1231//1231 1224//1224 958//958
f 1231//1231 958//958 959//959
f 1232//1232 1227//1227 1225//1225
f 1232//1232 993//993 1227//1227
f 1232//1232 1225//1225 1230//1230
f 1232//1232 992//992 993//993
f 1233//1233 1226//1226 1224//1224
f 1233//1233 1224//1224 1231//1231
f 1234//1234 1228//1228 1226//1226
f 1234//1234 1226//1226 1233//1233
f 1235//1235 1229//1229 1228//1228
f 1235//1235 1228//1228 1234//1234
f 1236//1236 1231//1231 959//959
f 1237//1237 1230//1230 1229//1229
f 1237//1237 1229//1229 1235//1235
f 1238//1238 1233//1233 1231//1231
f 1238//1238 1231//1231 1236//1236
f 1239//1239 1232//1232 1230//1230
f 1239//1239 992//992 1232//1232
f 1239//1239 1230//1230 1237//1237
f 1240//1240 1234//1234 1233//1233
f 1240//1240 1233//1233 1238//1238
f 1241//1241 1235//1235 1234//1234
f 1241//1241 1237//1237 1235//1235
f 1241//1241 1234//1234 1240//1240
f 1242//1242 1239//1239 1237//1237
f 1242//1242 1237//1237 1241//1241
f 1243//1243 959//959 960//960
f 1243//1243 1236//1236 959//959
f 1244//1244 1239//1239 1242//1242
f 1244//1244 992//992 1239//1239
f 1244//1244 991//991 992//992
f 1245//1245 1236//1236 1243//1243
f 1245//1245 1238//1238 1236//1236
f 1246//1246 1240//1240 1238//1238
f 1246//1246 1238//1238 1245//1245
f 1247//1247 1243//1243 960//960
f 1248//1248 1241//1241 1240//1240
f 1248//1248 1240//1240 1246//1246
f 1249//1249 1243//1243 1247//1247
f 1249//1249 1245//1245 1243//1243
f 1250//1250 1242//1242 1241//1241
f 1250//1250 1241//1241 1248//1248
f 1251//1251 1245//1245 1249//1249
f 1251//1251 1246//1246 1245//1245
f 1252//1252 1242//1242 1250//1250
f 1252//1252 1244//1244 1242//1242
f 1252//1252 991//991 1244//1244
f 1253//1253 1248//1248 1246//1246
f 1253//1253 1250//1250 1248//1248
f 1253//1253 1246//1246 1251//1251
f 1254//1254 1250//1250 1253//1253
f 1255//1255 1249//1249 1247//1247
f 1255//1255 960//960 961//961
f 1255//1255 1247//1247 960//960
f 1256//1256 1252//1252 1250//1250
f 1256//1256 991//991 1252//1252
f 1256//1256 1250//1250 1254//1254
f 1256//1256 990//990 991//991
f 1257//1257 1249//1249 1255//1255
f 1258//1258 1251//1251 1249//1249
f 1258//1258 1253//1253 1251//1251
f 1258//1258 1249//1249 1257//1257
f 1259//1259 1255//1255 961//961
f 1260//1260 1253//1253 1258//1258
f 1261//1261 1257//1257 1255//1255
f 1261//1261 1255//1255 1259//1259
f 1262//1262 1253//1253 1260//1260
f 1262//1262 1254//1254 1253//1253
f 1263//1263 1258//1258 1257//1257
f 1263//1263 1257//1257 1261//1261
f 1264//1264 1254//1254 1262//1262
f 1264//1264 1256//1256 1254//1254
f 1264//1264 990//990 1256//1256
f 1265//1265 1260//1260 1258//1258
f 1265//1265 1258//1258 1263//1263
f 1265//1265 1262//1262 1260//1260
f 1266//1266 1264//1264 1262//1262
f 1266//1266 1262//1262 1265//1265
f 1267//1267 990//990 1264//1264
f 1267//1267 1264//1264 1266//1266
f 1267//1267 989//989 990//990
f 1268//1268 1259//1259 961//961
f 1268//1268 1261//1261 1259//1259
f 1268//1268 961//961 962//962
f 1269//1269 1261//1261 1268//1268
f 1270//1270 1263//1263 1261//1261
f 1270//1270 1265//1265 1263//1263
f 1270//1270 1261//1261 1269//1269
f 1271//1271 1268//1268 962//962
f 1271//1271 1269//1269 1268//1268
f 1272//1272 1265//1265 1270//1270
f 1273//1273 1269//1269 1271//1271
f 1274//1274 1266//1266 1265//1265
f 1274//1274 1265//1265 1272//1272
f 1275//1275 1270//1270 1269//1269
f 1275//1275 1269//1269 1273//1273
f 1276//1276 1267//1267 1266//1266
f 1276//1276 989//989 1267//1267
f 1276//1276 1266//1266 1274//1274
f 1277//1277 1272//1272 1270//1270
f 1277//1277 1270//1270 1275//1275
f 1277//1277 1274//1274 1272//1272
f 1278//1278 1274//1274 1277//1277
f 1279//1279 988//988 989//989
f 1279//1279 989//989 1276//1276
f 1279//1279 1276//1276 1274//1274
f 1279//1279 1274//1274 1278//1278
f 1280//1280 962//962 963//963
f 1280//1280 1271//1271 962//962
f 1281//1281 1271//1271 1280//1280
f 1281//1281 1273//1273 1271//1271
f 1281//1281 1280//1280 963//963
f 1282//1282 1277//1277 1275//1275
f 1282//1282 1273//1273 1281//1281
f 1282//1282 1275//1275 1273//1273
f 1282//1282 1281//1281 963//963
f 1283//1283 1282//1282 963//963
f 1283//1283 1277//1277 1282//1282
f 1284//1284 1278//1278 1277//1277
f 1284//1284 1277//1277 1283//1283
f 1285//1285 1278//1278 1284//1284
f 1285//1285 987//987 988//988
f 1285//1285 988//988 1279//1279
f 1285//1285 1279//1279 1278//1278
f 1286//1286 963//963 964//964
f 1287//1287 1286//1286 964//964
f 1287//1287 963//963 1286//1286
f 1288//1288 1283//1283 963//963
f 1288//1288 1284//1284 1283//1283
f 1288//1288 963//963 1287//1287
f 1289//1289 1284//1284 1288//1288
f 1290//1290 987//987 1285//1285
f 1290//1290 1285//1285 1284//1284
f 1290//1290 1284//1284 1289//1289
f 1291//1291 964//964 965//965
f 1292//1292 1287//1287 964//964
f 1292//1292 964//964 1291//1291
f 1292//1292 1291//1291 965//965
f 1293//1293 1288//1288 1287//1287
f 1293//1293 1287//1287 1292//1292
f 1294//1294 1289//1289 1288//1288
f 1294//1294 1288//1288 1293//1293
f 1295//1295 987//987 1290//1290
f 1295//1295 1289//1289 1294//1294
f 1295//1295 1290//1290 1289//1289
f 1295//1295 986//986 987//987
f 1296//1296 965//965 966//966
f 1297//1297 1292//1292 965//965
f 1297//1297 1293//1293 1292//1292
f 1297//1297 965//965 1296//1296
f 1297//1297 1296//1296 966//966
f 1298//1298 1293//1293 1297//1297
f 1299//1299 1294//1294 1293//1293
f 1299//1299 1293//1293 1298//1298
f 1300//1300 1295//1295 1294//1294
f 1300//1300 986//986 1295//1295
f 1300//1300 1294//1294 1299//1299
f 1300//1300 984//984 985//985
f 1300//1300 985//985 986//986
f 1301//1301 966//966 967//967
f 1302//1302 1297//1297 966//966
f 1302//1302 966//966 1301//1301
f 1302//1302 1301//1301 967//967
f 1303//1303 1298//1298 1297//1297
f 1303//1303 1299//1299 1298//1298
f 1303//1303 1297//1297 1302//1302
f 1304//1304 1299//1299 1303//1303
f 1305//1305 1300//1300 1299//1299
f 1305//1305 984//984 1300//1300
f 1305//1305 1299//1299 1304//1304
f 1305//1305 983//983 984//984
f 1306//1306 967//967 968//968
f 1307//1307 1306//1306 968//968
f 1307//1307 967//967 1306//1306
f 1308//1308 1302//1302 967//967
f 1308//1308 1303//1303 1302//1302
f 1308//1308 967//967 1307//1307
f 1308//1308 1307//1307 968//968
f 1309//1309 1304//1304 1303//1303
f 1309//1309 1303//1303 1308//1308
f 1310//1310 1304//1304 1309//1309
f 1311//1311 1304//1304 1310//1310
f 1311//1311 1305//1305 1304//1304
f 1311//1311 983//983 1305//1305
f 1312//1312 968//968 969//969
f 1313//1313 1312//1312 969//969
f 1313//1313 968//968 1312//1312
f 1314//1314 1308//1308 968//968
f 1314//1314 968//968 1313//1313
f 1315//1315 1309//1309 1308//1308
f 1315//1315 1308//1308 1314//1314
f 1316//1316 1309//1309 1315//1315
f 1316//1316 1310//1310 1309//1309
f 1317//1317 1310//1310 1316//1316
f 1317//1317 982//982 983//983
f 1317//1317 1311//1311 1310//1310
f 1317//1317 983//983 1311//1311
f 1318//1318 969//969 970//970
f 1319//1319 969//969 1318//1318
f 1319//1319 1313//1313 969//969
f 1319//1319 1318//1318 970//970
f 1320//1320 1313//1313 1319//1319
f 1320//1320 1314//1314 1313//1313
f 1321//1321 1314//1314 1320//1320
f 1321//1321 1315//1315 1314//1314
f 1322//1322 1315//1315 1321//1321
f 1322//1322 1316//1316 1315//1315
f 1323//1323 1317//1317 1316//1316
f 1323//1323 982//982 1317//1317
f 1323//1323 1316//1316 1322//1322
f 1323//1323 981//981 982//982
f 1324//1324 970//970 971//971
f 1324//1324 971//971 979//979
f 1325//1325 1319//1319 970//970
f 1325//1325 1324//1324 979//979
f 1325//1325 979//979 978//978
f 1325//1325 970//970 1324//1324
f 1326//1326 1320//1320 1319//1319
f 1326//1326 1319//1319 1325//1325
f 1326//1326 1325//1325 978//978
f 1326//1326 978//978 977//977
f 1327//1327 1322//1322 1321//1321
f 1327//1327 1320//1320 1326//1326
f 1327//1327 1326//1326 977//977
f 1327//1327 976//976 975//975
f 1327//1327 977//977 976//976
f 1327//1327 1321//1321 1320//1320
f 1328//1328 1322//1322 1327//1327
f 1328//1328 1327//1327 975//975
f 1329//1329 1323//1323 1322//1322
f 1329//1329 981//981 1323//1323
f 1329//1329 1328//1328 975//975
f 1329//1329 974//974 973//973
f 1329//1329 975//975 974//974
f 1329//1329 973//973 980//980
f 1329//1329 980//980 981//981
f 1329//1329 1322//1322 1328//1328
f 1330//1330 1363//1363 1364//1364
f 1331//1331 1330//1330 1364//1364
f 1331//1331 1364//1364 1365//1365
f 1332//1332 1331//1331 1365//1365
f 1332//1332 1365//1365 1366//1366
f 1333//1333 1332//1332 1366//1366
f 1333//1333 1366//1366 1367//1367
f 1334//1334 1333//1333 1367//1367
f 1334//1334 1367//1367 1368//1368
f 1335//1335 1334//1334 1368//1368
f 1335//1335 1368//1368 1369//1369
f 1335//1335 1369//1369 1370//1370
f 1335//1335 1370//1370 1371//1371
f 1335//1335 1371//1371 1372//1372
f 1336//1336 1335//1335 1372//1372
f 1336//1336 1372//1372 1373//1373
f 1337//1337 1336//1336 1373//1373
f 1337//1337 1373//1373 1374//1374
f 1338//1338 1374//1374 1375//1375
f 1338//1338 1337//1337 1374//1374
f 1339//1339 1375//1375 1376//1376
f 1339//1339 1338//1338 1375//1375
f 1340//1340 1376//1376 1377//1377
f 1340//1340 1339//1339 1376//1376
f 1341//1341 1377//1377 1378//1378
f 1341//1341 1340//1340 1377//1377
f 1342//1342 1378//1378 1379//1379
f 1342//1342 1341//1341 1378//1378
f 1343//1343 1379//1379 1380//1380
f 1343//1343 1342//1342 1379//1379
f 1344//1344 1380//1380 1381//1381
f 1344//1344 1343//1343 1380//1380
f 1345//1345 1381//1381 1382//1382
f 1345//1345 1344//1344 1381//1381
f 1346//1346 1382//1382 1383//1383
f 1346//1346 1385//1385 1384//1384
f 1346//1346 1386//1386 1385//1385
f 1346//1346 1383//1383 1386//1386
f 1346//1346 1384//1384 1387//1387
f 1346//1346 1345//1345 1382//1382
f 1347//1347 1387//1387 1388//1388
f 1347//1347 1346//1346 1387//1387
f 1348//1348 1388//1388 1389//1389
f 1348//1348 1347//1347 1388//1388
f 1349//1349 1389//1389 1390//1390
f 1349//1349 1348//1348 1389//1389
f 1350//1350 1390//1390 1391//1391
f 1350//1350 1349//1349 1390//1390
f 1351//1351 1391//1391 1392//1392
f 1351//1351 1350//1350 1391//1391
f 1352//1352 1351//1351 1392//1392
f 1352//1352 1392//1392 1393//1393
f 1353//1353 1352//1352 1393//1393
f 1353//1353 1393//1393 1394//1394
f 1354//1354 1353//1353 1394//1394
f 1354//1354 1394//1394 1395//1395
f 1355//1355 1354//1354 1395//1395
f 1355//1355 1395//1395 1396//1396
f 1356//1356 1355//1355 1396//1396
f 1356//1356 1396//1396 1397//1397
f 1357//1357 1356//1356 1397//1397
f 1357//1357 1397//1397 1398//1398
f 1357//1357 1398//1398 1399//1399
f 1357//1357 1399//1399 1400//1400
f 1357//1357 1400//1400 1401//1401
f 1358//1358 1357//1357 1401//1401
f 1358//1358 1401//1401 1402//1402
f 1359//1359 1358//1358 1402//1402
f 1359//1359 1402//1402 1403//1403
f 1360//1360 1359//1359 1403//1403
f 1360//1360 1403//1403 1404//1404
f 1361//1361 1360//1360 1404//1404
f 1361//1361 1404//1404 1405//1405
f 1362//1362 1361//1361 1405//1405
f 1362//1362 1405//1405 1406//1406
f 1422//1422 1362//1362 1406//1406
f 1422//1422 1406//1406 1407//1407
f 1423//1423 1422//1422 1407//1407
f 1423//1423 1407//1407 1408//1408
f 1424//1424 1423//1423 1408//1408
f 1424//1424 1408//1408 1409//1409
f 1425//1425 1424//1424 1409//1409
f 1425//1425 1409//1409 1410//1410
f 1426//1426 1425//1425 1410//1410
f 1426//1426 1410//1410 1411//1411
f 1426//1426 1411//1411 1412//1412
f 1427//1427 1426//1426 1412//1412
f 1427//1427 1412//1412 1413//1413
f 1427//1427 1413//1413 1414//1414
f 1427//1427 1414//1414 1415//1415
f 1428//1428 1415//1415 1416//1416
f 1428//1428 1427//1427 1415//1415
f 1429//1429 1416//1416 1417//1417
f 1429//1429 1428//1428 1416//1416
f 1430//1430 1417//1417 1418//1418
f 1430//1430 1429//1429 1417//1417
f 1431//1431 1430//1430 1418//1418
f 1431//1431 1418//1418 1419//1419
f 1421//1421 1431//1431 1419//1419
f 1421//1421 1419//1419 1420//1420
f 1484//1484 1469//1469 1468//1468
f 1484//1484 1470//1470 1469//1469
f 1483//1483 1468//1468 1467//1467
f 1483//1483 1484//1484 1468//1468
f 1485//1485 1471//1471 1470//1470
f 1485//1485 1472//1472 1471//1471
f 1485//1485 1470//1470 1484//1484
f 1482//1482 1483//1483 1467//1467
f 1482//1482 1466//1466 1465//1465
f 1482//1482 1467//1467 1466//1466
f 1486//1486 1472//1472 1485//1485
f 1486//1486 1473//1473 1472//1472
f 1481//1481 1465//1465 1464//1464
f 1481//1481 1482//1482 1465//1465
f 1487//1487 1433//1433 1432//1432
f 1487//1487 1473//1473 1486//1486
f 1487//1487 1432//1432 1473//1473
f 1480//1480 1481//1481 1464//1464
f 1480//1480 1463//1463 1462//1462
f 1480//1480 1464//1464 1463//1463
f 1488//1488 1434//1434 1433//1433
f 1488//1488 1435//1435 1434//1434
f 1488//1488 1433//1433 1487//1487
f 1479//1479 1480//1480 1462//1462
f 1479//1479 1461//1461 1460//1460
f 1479//1479 1462//1462 1461//1461
f 1489//1489 1436//1436 1435//1435
f 1489//1489 1435//1435 1488//1488
f 1478//1478 1479//1479 1460//1460
f 1478//1478 1460//1460 1459//1459
f 1490//1490 1437//1437 1436//1436
f 1490//1490 1436//1436 1489//1489
f 1477//1477 1478//1478 1459//1459
f 1438//1438 1437//1437 1490//1490
f 1491//1491 1438//1438 1490//1490
f 1458//1458 1477//1477 1459//1459
f 1439//1439 1438//1438 1491//1491
f 1457//1457 1476//1476 1477//1477
f 1457//1457 1477//1477 1458//1458
f 1440//1440 1439//1439 1491//1491
f 1440//1440 1491//1491 1492//1492
f 1456//1456 1475//1475 1476//1476
f 1456//1456 1476//1476 1457//1457
f 1441//1441 1492//1492 1493//1493
f 1441//1441 1440//1440 1492//1492
f 1455//1455 1475//1475 1456//1456
f 1442//1442 1441//1441 1493//1493
f 1454//1454 1474//1474 1475//1475
f 1454//1454 1475//1475 1455//1455
f 1443//1443 1493//1493 1494//1494
f 1443//1443 1442//1442 1493//1493
f 1453//1453 1499//1499 1474//1474
f 1453//1453 1474//1474 1454//1454
f 1444//1444 1443//1443 1494//1494
f 1452//1452 1499//1499 1453//1453
f 1445//1445 1494//1494 1495//1495
f 1445//1445 1444//1444 1494//1494
f 1451//1451 1498//1498 1499//1499
f 1451//1451 1499//1499 1452//1452
f 1446//1446 1495//1495 1496//1496
f 1446//1446 1445//1445 1495//1495
f 1450//1450 1498//1498 1451//1451
f 1447//1447 1446//1446 1496//1496
f 1449//1449 1497//1497 1498//1498
f 1449//1449 1498//1498 1450//1450
f 1448//1448 1447//1447 1496//1496
f 1448//1448 1497//1497 1449//1449
f 1448//1448 1496//1496 1497//1497
f 1501//1501 1500//1500 1527//1527
f 1501//1501 1527//1527 1553//1553
f 1502//1502 1553//1553 1552//1552
f 1502//1502 1501//1501 1553//1553
f 1503//1503 1552//1552 1551//1551
f 1503//1503 1502//1502 1552//1552
f 1504//1504 1551//1551 1550//1550
f 1504//1504 1503//1503 1551//1551
f 1505//1505 1550//1550 1549//1549
f 1505//1505 1504//1504 1550//1550
f 1506//1506 1549//1549 1548//1548
f 1506//1506 1505//1505 1549//1549
f 1507//1507 1548//1548 1547//1547
f 1507//1507 1506//1506 1548//1548
f 1508//1508 1547//1547 1546//1546
f 1508//1508 1507//1507 1547//1547
f 1509//1509 1546//1546 1545//1545
f 1509//1509 1508//1508 1546//1546
f 1510//1510 1545//1545 1544//1544
f 1510//1510 1509//1509 1545//1545
f 1511//1511 1510//1510 1544//1544
f 1511//1511 1544//1544 1543//1543
f 1512//1512 1511//1511 1543//1543
f 1512//1512 1543//1543 1542//1542
f 1513//1513 1512//1512 1542//1542
f 1513//1513 1542//1542 1541//1541
f 1514//1514 1513//1513 1541//1541
f 1514//1514 1541//1541 1540//1540
f 1515//1515 1514//1514 1540//1540
f 1515//1515 1540//1540 1539//1539
f 1516//1516 1515//1515 1539//1539
f 1516//1516 1539//1539 1538//1538
f 1517//1517 1516//1516 1538//1538
f 1517//1517 1538//1538 1537//1537
f 1518//1518 1517//1517 1537//1537
f 1518//1518 1537//1537 1536//1536
f 1519//1519 1536//1536 1535//1535
f 1519//1519 1518//1518 1536//1536
f 1520//1520 1535//1535 1534//1534
f 1520//1520 1519//1519 1535//1535
f 1521//1521 1534//1534 1533//1533
f 1521//1521 1520//1520 1534//1534
f 1522//1522 1533//1533 1532//1532
f 1522//1522 1521//1521 1533//1533
f 1523//1523 1532//1532 1531//1531
f 1523//1523 1522//1522 1532//1532
f 1524//1524 1531//1531 1530//1530
f 1524//1524 1523//1523 1531//1531
f 1525//1525 1530//1530 1529//1529
f 1525//1525 1524//1524 1530//1530
f 1526//1526 1529//1529 1528//1528
f 1526//1526 1525//1525 1529//1529
f 1562//1562 1559//1559 1560//1560
f 1562//1562 1560//1560 1561//1561
f 1578//1578 1579//1579 1554//1554
f 1577//1577 1578//1578 1554//1554
f 1564//1564 1558//1558 1559//1559
f 1564//1564 1562//1562 1563//1563
f 1564//1564 1559//1559 1562//1562
f 1576//1576 1577//1577 1554//1554
f 1566//1566 1564//1564 1565//1565
f 1567//1567 1554//1554 1555//1555
f 1567//1567 1555//1555 1556//1556
f 1567//1567 1556//1556 1557//1557
f 1567//1567 1557//1557 1558//1558
f 1567//1567 1558//1558 1564//1564
f 1567//1567 1564//1564 1566//1566
f 1572//1572 1573//1573 1574//1574
f 1569//1569 1567//1567 1568//1568
f 1570//1570 1571//1571 1572//1572
f 1570//1570 1574//1574 1575//1575
f 1570//1570 1575//1575 1576//1576
f 1570//1570 1576//1576 1554//1554
f 1570//1570 1554//1554 1567//1567
f 1570//1570 1567//1567 1569//1569
f 1570//1570 1572//1572 1574//1574
f 1581//1581 1580//1580 1607//1607
f 1581//1581 1607//1607 1608//1608
f 1582//1582 1608//1608 1609//1609
f 1582//1582 1581//1581 1608//1608
f 1583//1583 1609//1609 1610//1610
f 1583//1583 1582//1582 1609//1609
f 1584//1584 1610//1610 1611//1611
f 1584//1584 1611//1611 1612//1612
f 1584//1584 1583//1583 1610//1610
f 1585//1585 1584//1584 1612//1612
f 1586//1586 1612//1612 1613//1613
f 1586//1586 1613//1613 1614//1614
f 1586//1586 1585//1585 1612//1612
f 1587//1587 1586//1586 1614//1614
f 1588//1588 1614//1614 1615//1615
f 1588//1588 1615//1615 1616//1616
f 1588//1588 1587//1587 1614//1614
f 1589//1589 1588//1588 1616//1616
f 1590//1590 1616//1616 1617//1617
f 1590//1590 1589//1589 1616//1616
f 1591//1591 1590//1590 1617//1617
f 1591//1591 1617//1617 1618//1618
f 1592//1592 1591//1591 1618//1618
f 1592//1592 1618//1618 1619//1619
f 1593//1593 1592//1592 1619//1619
f 1593//1593 1619//1619 1620//1620
f 1594//1594 1593//1593 1620//1620
f 1594//1594 1620//1620 1621//1621
f 1595//1595 1594//1594 1621//1621
f 1595//1595 1621//1621 1622//1622
f 1596//1596 1595//1595 1622//1622
f 1596//1596 1622//1622 1623//1623
f 1597//1597 1596//1596 1623//1623
f 1597//1597 1623//1623 1624//1624
f 1598//1598 1597//1597 1624//1624
f 1598//1598 1624//1624 1625//1625
f 1599//1599 1598//1598 1625//1625
f 1599//1599 1625//1625 1626//1626
f 1600//1600 1599//1599 1626//1626
f 1600//1600 1626//1626 1627//1627
f 1601//1601 1600//1600 1627//1627
f 1601//1601 1627//1627 1628//1628
f 1601//1601 1628//1628 1629//1629
f 1602//1602 1601//1601 1629//1629
f 1603//1603 1602//1602 1629//1629
f 1603//1603 1629//1629 1630//1630
f 1604//1604 1603//1603 1630//1630
f 1604//1604 1630//1630 1631//1631
f 1605//1605 1631//1631 1632//1632
f 1605//1605 1604//1604 1631//1631
f 1606//1606 1632//1632 1633//1633
f 1606//1606 1605//1605 1632//1632
f 1683//1683 1637//1637 1638//1638
f 1682//1682 1683//1683 1638//1638
f 1684//1684 1636//1636 1637//1637
f 1684//1684 1637//1637 1683//1683
f 1639//1639 1682//1682 1638//1638
f 1681//1681 1682//1682 1639//1639
f 1685//1685 1635//1635 1636//1636
f 1685//1685 1636//1636 1684//1684
f 1640//1640 1681//1681 1639//1639
f 1680//1680 1681//1681 1640//1640
f 1660//1660 1634//1634 1635//1635
f 1660//1660 1635//1635 1685//1685
f 1641//1641 1680//1680 1640//1640
f 1679//1679 1680//1680 1641//1641
f 1661//1661 1659//1659 1634//1634
f 1661//1661 1634//1634 1660//1660
f 1642//1642 1679//1679 1641//1641
f 1678//1678 1679//1679 1642//1642
f 1662//1662 1658//1658 1659//1659
f 1662//1662 1659//1659 1661//1661
f 1643//1643 1678//1678 1642//1642
f 1677//1677 1678//1678 1643//1643
f 1663//1663 1657//1657 1658//1658
f 1663//1663 1658//1658 1662//1662
f 1644//1644 1676//1676 1677//1677
f 1644//1644 1677//1677 1643//1643
f 1664//1664 1657//1657 1663//1663
f 1656//1656 1657//1657 1664//1664
f 1645//1645 1676//1676 1644//1644
f 1645//1645 1675//1675 1676//1676
f 1665//1665 1656//1656 1664//1664
f 1655//1655 1656//1656 1665//1665
f 1646//1646 1674//1674 1675//1675
f 1646//1646 1675//1675 1645//1645
f 1666//1666 1655//1655 1665//1665
f 1654//1654 1655//1655 1666//1666
f 1647//1647 1674//1674 1646//1646
f 1647//1647 1673//1673 1674//1674
f 1667//1667 1654//1654 1666//1666
f 1653//1653 1654//1654 1667//1667
f 1648//1648 1673//1673 1647//1647
f 1648//1648 1672//1672 1673//1673
f 1668//1668 1653//1653 1667//1667
f 1652//1652 1653//1653 1668//1668
f 1649//1649 1671//1671 1672//1672
f 1649//1649 1672//1672 1648//1648
f 1651//1651 1668//1668 1669//1669
f 1651//1651 1669//1669 1670//1670
f 1651//1651 1652//1652 1668//1668
f 1650//1650 1670//1670 1671//1671
f 1650//1650 1671//1671 1649//1649
f 1650//1650 1651//1651 1670//1670
f 1686//1686 1688//1688 1689//1689
f 1687//1687 1686//1686 1689//1689
f 1690//1690 1692//1692 1693//1693
f 1691//1691 1690//1690 1693//1693
f 1697//1697 1695//1695 1694//1694
f 1696//1696 1697//1697 1694//1694
f 1702//1702 1700//1700 1701//1701
f 1702//1702 1701//1701 1699//1699
f 1702//1702 1703//1703 1700//1700
f 1704//1704 1698//1698 1700//1700
f 1704//1704 1700//1700 1703//1703
f 1705//1705 1699//1699 1698//1698
f 1705//1705 1704//1704 1703//1703
f 1705//1705 1702//1702 1699//1699
f 1705//1705 1698//1698 1704//1704
f 1705//1705 1703//1703 1702//1702
f 1707//1707 1706//1706 1708//1708
f 1707//1707 1708//1708 1709//1709
f 1712//1712 1711//1711 1710//1710
f 1712//1712 1713//1713 1711//1711
f 1715//1715 1714//1714 1716//1716
f 1715//1715 1716//1716 1717//1717
f 1720//1720 1719//1719 1718//1718
f 1720//1720 1721//1721 1719//1719
f 1728//1728 1723//1723 1722//1722
f 1728//1728 1725//1725 1723//1723
f 1729//1729 1728//1728 1722//1722
f 1730//1730 1726//1726 1725//1725
f 1730//1730 1725//1725 1728//1728
f 1731//1731 1722//1722 1724//1724
f 1731//1731 1727//1727 1726//1726
f 1731//1731 1724//1724 1727//1727
f 1731//1731 1730//1730 1728//1728
f 1731//1731 1729//1729 1722//1722
f 1731//1731 1728//1728 1729//1729
f 1731//1731 1726//1726 1730//1730
f 1735//1735 1733//1733 1732//1732
f 1734//1734 1735//1735 1732//1732
f 1796//1796 1737//1737 1736//1736
f 1796//1796 1738//1738 1737//1737
f 1796//1796 1739//1739 1738//1738
f 1796//1796 1740//1740 1739//1739
f 1794//1794 1789//1789 1788//1788
f 1794//1794 1790//1790 1789//1789
f 1794//1794 1791//1791 1790//1790
f 1794//1794 1792//1792 1791//1791
f 1794//1794 1793//1793 1792//1792
f 1741//1741 1740//1740 1796//1796
f 1787//1787 1794//1794 1788//1788
f 1742//1742 1741//1741 1796//1796
f 1748//1748 1743//1743 1742//1742
f 1748//1748 1744//1744 1743//1743
f 1748//1748 1745//1745 1744//1744
f 1748//1748 1742//1742 1796//1796
f 1780//1780 1794//1794 1787//1787
f 1780//1780 1784//1784 1783//1783
f 1780//1780 1785//1785 1784//1784
f 1780//1780 1786//1786 1785//1785
f 1780//1780 1787//1787 1786//1786
f 1806//1806 1795//1795 1807//1807
f 1808//1808 1807//1807 1795//1795
f 1805//1805 1795//1795 1806//1806
f 1809//1809 1808//1808 1795//1795
f 1809//1809 1795//1795 1794//1794
f 1804//1804 1795//1795 1805//1805
f 1804//1804 1796//1796 1795//1795
f 1804//1804 1748//1748 1796//1796
f 1810//1810 1794//1794 1780//1780
f 1810//1810 1809//1809 1794//1794
f 1746//1746 1745//1745 1748//1748
f 1782//1782 1780//1780 1783//1783
f 1803//1803 1748//1748 1804//1804
f 1811//1811 1810//1810 1780//1780
f 1747//1747 1746//1746 1748//1748
f 1781//1781 1780//1780 1782//1782
f 1749//1749 1748//1748 1803//1803
f 1749//1749 1802//1802 1801//1801
f 1749//1749 1803//1803 1802//1802
f 1779//1779 1811//1811 1780//1780
f 1779//1779 1812//1812 1811//1811
f 1779//1779 1813//1813 1812//1812
f 1800//1800 1749//1749 1801//1801
f 1814//1814 1813//1813 1779//1779
f 1799//1799 1749//1749 1800//1800
f 1815//1815 1814//1814 1779//1779
f 1798//1798 1749//1749 1799//1799
f 1816//1816 1815//1815 1779//1779
f 1750//1750 1752//1752 1751//1751
f 1750//1750 1798//1798 1797//1797
f 1750//1750 1749//1749 1798//1798
f 1778//1778 1777//1777 1776//1776
f 1778//1778 1816//1816 1779//1779
f 1753//1753 1752//1752 1750//1750
f 1775//1775 1778//1778 1776//1776
f 1754//1754 1753//1753 1750//1750
f 1774//1774 1778//1778 1775//1775
f 1764//1764 1818//1818 1817//1817
f 1764//1764 1819//1819 1818//1818
f 1764//1764 1820//1820 1819//1819
f 1764//1764 1821//1821 1820//1820
f 1764//1764 1822//1822 1821//1821
f 1755//1755 1754//1754 1750//1750
f 1773//1773 1778//1778 1774//1774
f 1756//1756 1755//1755 1750//1750
f 1772//1772 1778//1778 1773//1773
f 1757//1757 1756//1756 1750//1750
f 1771//1771 1778//1778 1772//1772
f 1763//1763 1750//1750 1797//1797
f 1763//1763 1757//1757 1750//1750
f 1763//1763 1822//1822 1764//1764
f 1763//1763 1797//1797 1822//1822
f 1765//1765 1816//1816 1778//1778
f 1765//1765 1764//1764 1817//1817
f 1765//1765 1778//1778 1771//1771
f 1765//1765 1817//1817 1816//1816
f 1758//1758 1757//1757 1763//1763
f 1770//1770 1765//1765 1771//1771
f 1759//1759 1758//1758 1763//1763
f 1769//1769 1765//1765 1770//1770
f 1760//1760 1759//1759 1763//1763
f 1768//1768 1765//1765 1769//1769
f 1761//1761 1760//1760 1763//1763
f 1767//1767 1765//1765 1768//1768
f 1766//1766 1765//1765 1767//1767
f 1762//1762 1761//1761 1763//1763
f 1823//1823 1825//1825 1826//1826
f 1824//1824 1823//1823 1826//1826
f 1827//1827 1829//1829 1830//1830
f 1828//1828 1827//1827 1830//1830
f 1834//1834 1832//1832 1831//1831
f 1833//1833 1834//1834 1831//1831
f 1839//1839 1837//1837 1838//1838
f 1839//1839 1840//1840 1837//1837
f 1841//1841 1835//1835 1837//1837
f 1841//1841 1837//1837 1840//1840
f 1842//1842 1836//1836 1835//1835
f 1842//1842 1838//1838 1836//1836
f 1842//1842 1841//1841 1840//1840
f 1842//1842 1835//1835 1841//1841
f 1842//1842 1839//1839 1838//1838
f 1842//1842 1840//1840 1839//1839
f 1844//1844 1843//1843 1845//1845
f 1844//1844 1845//1845 1846//1846
f 1849//1849 1848//1848 1847//1847
f 1849//1849 1850//1850 1848//1848
f 1852//1852 1851//1851 1853//1853
f 1852//1852 1853//1853 1854//1854
f 1857//1857 1856//1856 1855//1855
f 1857//1857 1858//1858 1856//1856
f 1865//1865 1860//1860 1859//1859
f 1866//1866 1865//1865 1859//1859
f 1867//1867 1863//1863 1862//1862
f 1867//1867 1862//1862 1860//1860
f 1867//1867 1860//1860 1865//1865
f 1868//1868 1859//1859 1861//1861
f 1868//1868 1864//1864 1863//1863
f 1868//1868 1861//1861 1864//1864
f 1868//1868 1866//1866 1859//1859
f 1868//1868 1867//1867 1865//1865
f 1868//1868 1865//1865 1866//1866
f 1868//1868 1863//1863 1867//1867
f 1872//1872 1870//1870 1869//1869
f 1871//1871 1872//1872 1869//1869
f 1874//1874 1875//1875 1873//1873
f 1876//1876 1875//1875 1874//1874
f 1881//1881 1879//1879 1877//1877
f 1881//1881 1880//1880 1879//1879
f 1881//1881 1877//1877 1882//1882
f 1883//1883 1877//1877 1878//1878
f 1883//1883 1882//1882 1877//1877
f 1884//1884 1878//1878 1880//1880
f 1884//1884 1882//1882 1883//1883
f 1884//1884 1880//1880 1881//1881
f 1884//1884 1881//1881 1882//1882
f 1884//1884 1883//1883 1878//1878
f 1891//1891 1885//1885 1890//1890
f 1891//1891 1890//1890 1892//1892
f 1893//1893 1889//1889 1888//1888
f 1893//1893 1890//1890 1889//1889
f 1893//1893 1892//1892 1890//1890
f 1894//1894 1886//1886 1885//1885
f 1894//1894 1887//1887 1886//1886
f 1894//1894 1888//1888 1887//1887
f 1894//1894 1892//1892 1893//1893
f 1894//1894 1885//1885 1891//1891
f 1894//1894 1893//1893 1888//1888
f 1894//1894 1891//1891 1892//1892
f 1896//1896 1897//1897 1895//1895
f 1898//1898 1897//1897 1896//1896
f 1902//1902 1899//1899 1900//1900
f 1902//1902 1901//1901 1899//1899
f 1904//1904 1906//1906 1905//1905
f 1904//1904 1903//1903 1906//1906
f 1910//1910 1907//1907 1908//1908
f 1910//1910 1909//1909 1907//1907
f 1912//1912 1914//1914 1913//1913
f 1912//1912 1911//1911 1914//1914
f 1917//1917 1915//1915 1918//1918
f 1916//1916 1915//1915 1917//1917
f 1921//1921 1919//1919 1922//1922
f 1920//1920 1919//1919 1921//1921
f 1924//1924 1923//1923 1950//1950
f 1924//1924 1950//1950 1976//1976
f 1925//1925 1976//1976 1975//1975
f 1925//1925 1924//1924 1976//1976
f 1926//1926 1975//1975 1974//1974
f 1926//1926 1925//1925 1975//1975
f 1927//1927 1974//1974 1973//1973
f 1927//1927 1926//1926 1974//1974
f 1928//1928 1973//1973 1972//1972
f 1928//1928 1927//1927 1973//1973
f 1929//1929 1972//1972 1971//1971
f 1929//1929 1928//1928 1972//1972
f 1930//1930 1971//1971 1970//1970
f 1930//1930 1929//1929 1971//1971
f 1931//1931 1970//1970 1969//1969
f 1931//1931 1930//1930 1970//1970
f 1932//1932 1969//1969 1968//1968
f 1932//1932 1931//1931 1969//1969
f 1933//1933 1968//1968 1967//1967
f 1933//1933 1932//1932 1968//1968
f 1934//1934 1933//1933 1967//1967
f 1934//1934 1967//1967 1966//1966
f 1935//1935 1934//1934 1966//1966
f 1935//1935 1966//1966 1965//1965
f 1936//1936 1935//1935 1965//1965
f 1936//1936 1965//1965 1964//1964
f 1937//1937 1936//1936 1964//1964
f 1937//1937 1964//1964 1963//1963
f 1938//1938 1937//1937 1963//1963
f 1938//1938 1963//1963 1962//1962
f 1939//1939 1938//1938 1962//1962
f 1939//1939 1962//1962 1961//1961
f 1940//1940 1939//1939 1961//1961
f 1940//1940 1961//1961 1960//1960
f 1941//1941 1940//1940 1960//1960
f 1941//1941 1960//1960 1959//1959
f 1942//1942 1959//1959 1958//1958
f 1942//1942 1941//1941 1959//1959
f 1943//1943 1958//1958 1957//1957
f 1943//1943 1942//1942 1958//1958
f 1944//1944 1957//1957 1956//1956
f 1944//1944 1943//1943 1957//1957
f 1945//1945 1955//1955 1954//1954
f 1945//1945 1956//1956 1955//1955
f 1945//1945 1944//1944 1956//1956
f 1946//1946 1945//1945 1954//1954
f 1947//1947 1954//1954 1953//1953
f 1947//1947 1946//1946 1954//1954
f 1948//1948 1953//1953 1952//1952
f 1948//1948 1947//1947 1953//1953
f 1949//1949 1952//1952 1951//1951
f 1949//1949 1948//1948 1952//1952
f 2002//2002 2003//2003 2004//2004
f 2002//2002 2004//2004 2030//2030
f 2001//2001 2030//2030 2029//2029
f 2001//2001 2002//2002 2030//2030
f 2000//2000 2029//2029 2028//2028
f 2000//2000 2001//2001 2029//2029
f 1999//1999 2027//2027 2026//2026
f 1999//1999 2028//2028 2027//2027
f 1999//1999 2000//2000 2028//2028
f 1998//1998 1999//1999 2026//2026
f 1997//1997 2025//2025 2024//2024
f 1997//1997 2026//2026 2025//2025
f 1997//1997 1998//1998 2026//2026
f 1996//1996 1997//1997 2024//2024
f 1995//1995 2024//2024 2023//2023
f 1995//1995 1996//1996 2024//2024
f 1994//1994 2022//2022 2021//2021
f 1994//1994 2023//2023 2022//2022
f 1994//1994 1995//1995 2023//2023
f 1993//1993 1994//1994 2021//2021
f 1992//1992 1993//1993 2021//2021
f 1992//1992 2021//2021 2020//2020
f 1991//1991 1992//1992 2020//2020
f 1991//1991 2019//2019 2018//2018
f 1991//1991 2020//2020 2019//2019
f 1990//1990 1991//1991 2018//2018
f 1989//1989 1990//1990 2018//2018
f 1989//1989 2018//2018 2017//2017
f 1988//1988 1989//1989 2017//2017
f 1988//1988 2017//2017 2016//2016
f 1987//1987 1988//1988 2016//2016
f 1987//1987 2016//2016 2015//2015
f 1986//1986 1987//1987 2015//2015
f 1986//1986 2015//2015 2014//2014
f 1985//1985 1986//1986 2014//2014
f 1985//1985 2014//2014 2013//2013
f 1984//1984 2013//2013 2012//2012
f 1984//1984 1985//1985 2013//2013
f 1983//1983 2012//2012 2011//2011
f 1983//1983 1984//1984 2012//2012
f 1982//1982 2011//2011 2010//2010
f 1982//1982 1983//1983 2011//2011
f 1981//1981 2010//2010 2009//2009
f 1981//1981 1982//1982 2010//2010
f 1980//1980 2009//2009 2008//2008
f 1980//1980 1981//1981 2009//2009
f 1979//1979 2008//2008 2007//2007
f 1979//1979 1980//1980 2008//2008
f 1978//1978 2007//2007 2006//2006
f 1978//1978 1979//1979 2007//2007
f 1977//1977 2006//2006 2005//2005
f 1977//1977 1978//1978 2006//2006
f 2037//2037 2039//2039 2038//2038
f 2042//2042 2041//2041 2040//2040
f 2043//2043 2040//2040 2039//2039
f 2043//2043 2042//2042 2040//2040
f 2033//2033 2035//2035 2034//2034
f 2033//2033 2036//2036 2035//2035
f 2033//2033 2037//2037 2036//2036
f 2044//2044 2043//2043 2039//2039
f 2031//2031 2033//2033 2032//2032
f 2047//2047 2045//2045 2044//2044
f 2047//2047 2046//2046 2045//2045
f 2049//2049 2048//2048 2047//2047
f 2049//2049 2047//2047 2044//2044
f 2086//2086 2088//2088 2087//2087
f 2086//2086 2089//2089 2088//2088
f 2086//2086 2031//2031 2089//2089
f 2085//2085 2033//2033 2031//2031
f 2085//2085 2037//2037 2033//2033
f 2085//2085 2031//2031 2086//2086
f 2052//2052 2049//2049 2044//2044
f 2052//2052 2050//2050 2049//2049
f 2052//2052 2051//2051 2050//2050
f 2080//2080 2082//2082 2081//2081
f 2080//2080 2083//2083 2082//2082
f 2080//2080 2084//2084 2083//2083
f 2080//2080 2085//2085 2084//2084
f 2080//2080 2039//2039 2037//2037
f 2080//2080 2044//2044 2039//2039
f 2080//2080 2037//2037 2085//2085
f 2059//2059 2056//2056 2055//2055
f 2059//2059 2057//2057 2056//2056
f 2059//2059 2058//2058 2057//2057
f 2076//2076 2078//2078 2077//2077
f 2076//2076 2079//2079 2078//2078
f 2076//2076 2080//2080 2079//2079
f 2075//2075 2044//2044 2080//2080
f 2075//2075 2080//2080 2076//2076
f 2073//2073 2075//2075 2074//2074
f 2063//2063 2055//2055 2054//2054
f 2063//2063 2059//2059 2055//2055
f 2063//2063 2060//2060 2059//2059
f 2063//2063 2061//2061 2060//2060
f 2063//2063 2062//2062 2061//2061
f 2072//2072 2075//2075 2073//2073
f 2065//2065 2054//2054 2053//2053
f 2065//2065 2064//2064 2063//2063
f 2065//2065 2063//2063 2054//2054
f 2070//2070 2072//2072 2071//2071
f 2066//2066 2065//2065 2053//2053
f 2069//2069 2052//2052 2044//2044
f 2069//2069 2075//2075 2072//2072
f 2069//2069 2053//2053 2052//2052
f 2069//2069 2044//2044 2075//2075
f 2069//2069 2072//2072 2070//2070
f 2068//2068 2067//2067 2066//2066
f 2068//2068 2053//2053 2069//2069
f 2068//2068 2066//2066 2053//2053
f 2091//2091 2092//2092 2090//2090
f 2093//2093 2092//2092 2091//2091
f 2098//2098 2096//2096 2094//2094
f 2099//2099 2096//2096 2098//2098
f 2100//2100 2094//2094 2095//2095
f 2100//2100 2095//2095 2097//2097
f 2100//2100 2098//2098 2094//2094
f 2101//2101 2097//2097 2096//2096
f 2101//2101 2096//2096 2099//2099
f 2101//2101 2099//2099 2098//2098
f 2101//2101 2098//2098 2100//2100
f 2101//2101 2100//2100 2097//2097
f 2108//2108 2102//2102 2107//2107
f 2108//2108 2107//2107 2109//2109
f 2110//2110 2104//2104 2105//2105
f 2110//2110 2107//2107 2104//2104
f 2110//2110 2109//2109 2107//2107
f 2111//2111 2103//2103 2102//2102
f 2111//2111 2105//2105 2106//2106
f 2111//2111 2106//2106 2103//2103
f 2111//2111 2109//2109 2110//2110
f 2111//2111 2102//2102 2108//2108
f 2111//2111 2110//2110 2105//2105
f 2111//2111 2108//2108 2109//2109
f 2113//2113 2114//2114 2112//2112
f 2115//2115 2114//2114 2113//2113
f 2119//2119 2116//2116 2117//2117
f 2119//2119 2118//2118 2116//2116
f 2121//2121 2123//2123 2122//2122
f 2121//2121 2120//2120 2123//2123
f 2127//2127 2124//2124 2125//2125
f 2127//2127 2126//2126 2124//2124
f 2129//2129 2131//2131 2130//2130
f 2129//2129 2128//2128 2131//2131
f 2134//2134 2132//2132 2135//2135
f 2133//2133 2132//2132 2134//2134
f 2138//2138 2136//2136 2139//2139
f 2137//2137 2136//2136 2138//2138
f 2157//2157 2140//2140 2156//2156
f 2155//2155 2156//2156 2140//2140
f 2158//2158 2140//2140 2157//2157
f 2176//2176 2154//2154 2175//2175
f 2174//2174 2175//2175 2154//2154
f 2177//2177 2154//2154 2176//2176
f 2173//2173 2174//2174 2154//2154
f 2178//2178 2158//2158 2154//2154
f 2178//2178 2154//2154 2177//2177
f 2172//2172 2154//2154 2155//2155
f 2172//2172 2155//2155 2145//2145
f 2172//2172 2173//2173 2154//2154
f 2179//2179 2152//2152 2158//2158
f 2179//2179 2158//2158 2178//2178
f 2141//2141 2152//2152 2153//2153
f 2151//2151 2179//2179 2180//2180
f 2151//2151 2180//2180 2181//2181
f 2151//2151 2152//2152 2179//2179
f 2146//2146 2169//2169 2170//2170
f 2146//2146 2170//2170 2171//2171
f 2146//2146 2171//2171 2172//2172
f 2146//2146 2172//2172 2145//2145
f 2142//2142 2144//2144 2145//2145
f 2149//2149 2141//2141 2153//2153
f 2148//2148 2144//2144 2142//2142
f 2182//2182 2151//2151 2181//2181
f 2168//2168 2169//2169 2146//2146
f 2183//2183 2151//2151 2182//2182
f 2167//2167 2168//2168 2146//2146
f 2184//2184 2151//2151 2183//2183
f 2166//2166 2167//2167 2146//2146
f 2159//2159 2151//2151 2184//2184
f 2150//2150 2141//2141 2149//2149
f 2150//2150 2151//2151 2159//2159
f 2147//2147 2148//2148 2142//2142
f 2147//2147 2166//2166 2146//2146
f 2185//2185 2159//2159 2160//2160
f 2185//2185 2160//2160 2161//2161
f 2185//2185 2161//2161 2162//2162
f 2185//2185 2162//2162 2163//2163
f 2185//2185 2163//2163 2164//2164
f 2185//2185 2164//2164 2165//2165
f 2189//2189 2165//2165 2166//2166
f 2189//2189 2166//2166 2147//2147
f 2189//2189 2185//2185 2165//2165
f 2186//2186 2150//2150 2159//2159
f 2186//2186 2159//2159 2185//2185
f 2143//2143 2186//2186 2187//2187
f 2143//2143 2187//2187 2188//2188
f 2143//2143 2188//2188 2189//2189
f 2141//2141 2140//2140 2158//2158
f 2141//2141 2158//2158 2152//2152
f 2140//2140 2142//2142 2145//2145
f 2140//2140 2145//2145 2155//2155
f 2142//2142 2143//2143 2189//2189
f 2142//2142 2189//2189 2147//2147
f 2143//2143 2141//2141 2150//2150
f 2143//2143 2150//2150 2186//2186
f 2206//2206 2204//2204 2191//2191
f 2205//2205 2191//2191 2204//2204
f 2207//2207 2206//2206 2191//2191
f 2218//2218 2219//2219 2208//2208
f 2220//2220 2208//2208 2219//2219
f 2217//2217 2218//2218 2208//2208
f 2221//2221 2208//2208 2220//2220
f 2216//2216 2208//2208 2207//2207
f 2216//2216 2217//2217 2208//2208
f 2222//2222 2205//2205 2208//2208
f 2222//2222 2195//2195 2205//2205
f 2222//2222 2208//2208 2221//2221
f 2215//2215 2207//2207 2201//2201
f 2215//2215 2216//2216 2207//2207
f 2194//2194 2222//2222 2223//2223
f 2194//2194 2223//2223 2224//2224
f 2194//2194 2224//2224 2225//2225
f 2194//2194 2195//2195 2222//2222
f 2190//2190 2195//2195 2198//2198
f 2199//2199 2213//2213 2214//2214
f 2199//2199 2214//2214 2215//2215
f 2199//2199 2215//2215 2201//2201
f 2193//2193 2202//2202 2201//2201
f 2203//2203 2202//2202 2193//2193
f 2197//2197 2190//2190 2198//2198
f 2212//2212 2213//2213 2199//2199
f 2226//2226 2194//2194 2225//2225
f 2211//2211 2212//2212 2199//2199
f 2227//2227 2194//2194 2226//2226
f 2210//2210 2211//2211 2199//2199
f 2228//2228 2194//2194 2227//2227
f 2209//2209 2210//2210 2199//2199
f 2196//2196 2190//2190 2197//2197
f 2196//2196 2194//2194 2228//2228
f 2200//2200 2203//2203 2193//2193
f 2200//2200 2209//2209 2199//2199
f 2239//2239 2229//2229 2230//2230
f 2239//2239 2230//2230 2231//2231
f 2239//2239 2231//2231 2232//2232
f 2239//2239 2232//2232 2233//2233
f 2239//2239 2233//2233 2234//2234
f 2239//2239 2234//2234 2209//2209
f 2238//2238 2196//2196 2228//2228
f 2238//2238 2229//2229 2239//2239
f 2238//2238 2228//2228 2229//2229
f 2236//2236 2209//2209 2200//2200
f 2236//2236 2239//2239 2209//2209
f 2192//2192 2235//2235 2236//2236
f 2192//2192 2237//2237 2235//2235
f 2192//2192 2238//2238 2237//2237
f 2191//2191 2195//2195 2190//2190
f 2191//2191 2205//2205 2195//2195
f 2190//2190 2238//2238 2192//2192
f 2190//2190 2196//2196 2238//2238
f 2192//2192 2200//2200 2193//2193
f 2192//2192 2236//2236 2200//2200
f 2193//2193 2207//2207 2191//2191
f 2193//2193 2201//2201 2207//2207
f 2241//2241 2243//2243 2242//2242
f 2241//2241 2240//2240 2243//2243
f 2245//2245 2247//2247 2246//2246
f 2245//2245 2244//2244 2247//2247
f 2249//2249 2251//2251 2250//2250
f 2249//2249 2248//2248 2251//2251
f 2253//2253 2255//2255 2254//2254
f 2253//2253 2252//2252 2255//2255
